Id,Score,CreationDate,ViewCount,AnswerCount,CommentCount,FavoriteCount,AskerId,Reputation,TagCount,TitleLength,Technology
1,6,2380,80,2,0,7,476,992,1,14,16
2,5,3372,1223,3,0,0,861,293,2,7,1
3,10,3800,428,2,0,1,1091,845,1,5,1
4,8,2565,1434,1,0,7,447,1290,2,10,22
5,5,2927,483,1,0,7,210,960,3,7,16
7,6,2453,251,0,0,1,830,225,2,4,15
14,6,2797,990,3,0,7,211,906,1,8,0
16,5,3184,95,0,2,7,624,1023,4,6,1
18,7,2786,315,1,0,1,26,417,3,6,16
19,11,2769,2370,4,0,4,1314,73,1,6,4
21,8,3556,1053,1,4,0,1065,1069,4,5,9
23,5,3548,872,1,0,7,1001,33,3,20,8
25,6,3519,299,1,5,7,939,405,2,7,2
27,16,4397,1842,4,0,7,649,1257,1,7,15
29,6,4088,1676,3,0,7,307,125,3,5,1
30,78,2831,2777,7,1,41,577,814,1,5,27
32,7,3256,622,2,0,7,588,1383,2,5,1
33,5,4168,66,1,0,7,530,573,0,4,1
34,6,4010,194,2,2,7,930,1367,1,8,1
40,17,4433,2713,4,0,4,1022,1389,4,7,1
42,6,4225,1115,2,1,7,18,709,2,3,4
44,9,3949,997,1,2,7,512,377,3,8,8
45,6,3919,117,1,0,7,1006,418,3,4,15
48,6,2330,390,0,0,7,83,1202,3,11,1
49,5,3721,480,1,0,7,297,1079,2,6,1
50,5,3973,548,1,0,7,18,711,1,3,1
51,6,3455,127,3,0,7,1074,1236,2,14,8
52,10,3944,706,1,3,2,30,569,2,5,8
55,7,2989,1155,1,0,7,363,511,2,2,9
56,5,4420,1753,2,0,7,487,1304,1,12,15
57,7,2817,541,0,1,7,404,772,2,5,1
59,7,3195,985,3,0,3,858,804,2,4,15
60,6,2613,132,1,0,1,1260,555,3,3,16
61,6,3844,41,1,1,7,982,1038,3,5,1
62,6,4303,184,2,0,1,375,821,0,8,4
65,8,2462,1648,1,6,1,91,528,1,11,8
71,6,3524,2031,3,0,7,1065,1069,3,6,9
74,17,3760,2548,3,2,3,859,559,2,5,15
75,7,3311,208,2,1,7,1196,1250,4,10,1
77,5,3794,830,2,4,7,62,328,0,10,1
79,6,3261,77,3,1,7,432,903,1,8,8
80,5,4372,119,1,0,7,252,801,2,14,1
84,6,4445,1416,4,1,7,1245,996,0,7,29
92,15,2939,2501,4,0,3,588,1383,1,6,1
96,5,3049,1825,3,2,7,289,1155,3,11,1
99,6,3370,1131,2,1,7,50,1061,2,9,27
100,32,2932,2452,3,1,9,490,1380,1,13,8
101,4,2615,292,1,3,0,338,1287,1,6,1
103,6,3371,504,2,2,7,1258,588,2,7,8
104,7,2374,800,1,0,7,2,841,2,3,30
106,11,2287,1147,2,1,2,506,322,3,7,16
109,5,4006,1652,2,0,7,353,680,1,4,1
111,6,3371,504,2,2,7,1258,588,2,7,8
112,5,3526,12,1,0,0,890,1338,2,11,1
113,7,3136,1008,5,1,1,447,1290,3,3,8
114,3,3896,608,3,0,7,247,898,4,16,15
117,6,2458,659,2,0,7,80,1073,2,12,6
119,7,2906,1451,1,0,7,586,195,2,4,27
120,7,2796,156,3,0,7,136,1016,2,10,0
122,7,2227,118,2,1,1,338,1287,0,1,1
125,5,2438,368,2,0,7,1226,5,0,11,1
126,5,4147,1407,2,2,1,1218,592,3,9,1
127,7,2830,1212,3,2,7,76,928,1,6,6
134,54,3443,2163,5,2,17,410,1292,3,9,1
135,5,3408,1310,1,0,7,358,1052,3,10,15
137,7,2711,635,2,2,1,28,1248,3,12,1
140,8,4352,1805,2,0,1,383,409,2,8,17
143,5,4075,34,2,0,7,451,714,1,4,1
146,8,3120,1972,5,4,0,1033,326,2,5,8
149,7,3164,167,4,4,1,338,1287,1,11,8
152,6,3349,2266,4,0,1,871,915,2,7,9
154,6,2472,2321,2,3,7,373,477,2,10,16
156,7,2725,235,0,1,7,890,1338,0,9,1
158,5,4120,427,1,0,1,671,1228,0,9,1
160,5,4016,1135,2,0,7,1167,260,3,10,15
161,7,4167,1519,1,0,7,619,1144,2,9,16
162,10,3960,1720,2,0,2,475,142,4,7,1
164,6,4214,1065,2,1,1,1185,1193,4,8,1
165,7,2792,1855,3,0,1,1290,542,1,15,8
168,6,3544,57,2,3,1,356,1118,3,10,33
169,13,3520,1148,5,3,3,1145,1284,2,11,15
170,10,3411,2496,4,5,7,66,1293,2,8,1
171,6,3327,1745,0,0,7,784,431,3,8,15
172,6,2768,440,2,2,0,572,700,0,8,1
173,6,3044,1069,0,2,7,725,1334,3,4,9
174,5,2806,126,1,0,7,381,1259,3,13,10
175,6,3908,219,1,0,7,753,935,1,13,6
181,5,3603,392,3,0,7,597,1222,1,6,1
183,12,2420,1932,3,9,4,791,1041,4,11,1
184,40,3850,2731,6,0,9,1327,379,1,6,1
186,6,3634,1606,1,0,10,310,1310,2,10,14
187,12,3599,1639,5,2,3,1313,1335,4,5,8
190,7,2934,165,1,0,1,338,1287,1,6,1
191,11,3472,2656,7,1,7,527,346,3,1,0
193,10,4210,1815,5,1,3,1334,797,2,2,27
195,12,2289,1598,8,0,3,585,1320,1,10,1
196,5,2499,2217,2,0,7,450,1373,3,9,33
198,6,2613,132,1,0,1,1260,555,3,3,16
199,6,4227,33,1,4,0,542,1319,2,7,1
200,6,4183,2171,4,1,7,917,635,1,2,16
204,7,2633,1806,4,1,7,1244,244,1,10,8
205,5,3650,166,1,5,1,338,1287,1,15,4
206,8,4212,822,2,3,7,610,904,4,2,4
208,7,4106,745,1,0,7,930,1367,3,6,1
210,14,4386,2032,3,0,6,513,1274,2,11,0
212,7,3456,1278,1,2,1,315,1356,2,7,1
214,6,4377,903,1,0,7,280,313,1,5,1
218,8,2658,148,2,3,1,870,762,1,12,1
223,6,2323,642,2,0,7,636,950,0,7,16
225,17,3760,2548,3,2,3,859,559,2,5,15
226,6,2859,946,1,0,7,249,535,4,9,1
227,5,3702,56,2,0,7,919,1277,0,8,1
229,5,4186,670,1,0,7,1185,1193,2,9,8
230,5,3015,153,1,0,7,338,1287,2,3,1
238,7,4432,243,7,0,7,588,1383,0,4,1
242,12,2422,1352,4,2,5,334,795,1,5,1
243,8,4429,1028,2,2,7,77,832,4,6,14
245,8,4082,474,2,1,1,667,758,2,5,1
246,9,3255,2206,4,0,1,467,1086,3,8,1
247,9,2807,1074,1,2,1,905,914,1,9,1
248,6,2399,336,2,0,7,93,753,0,5,1
249,5,2606,67,4,0,7,870,762,1,21,1
251,27,3825,2175,7,0,6,1098,604,2,7,1
253,20,4208,2068,3,0,3,355,1245,4,6,15
255,10,3480,931,3,4,1,723,1312,1,17,8
259,6,3605,240,0,0,0,215,1042,2,6,1
260,5,4098,190,1,0,7,756,1218,2,3,1
261,7,2448,712,3,9,7,297,1080,0,10,1
263,6,3665,1036,2,1,7,338,1287,4,6,8
264,6,3384,572,1,4,1,788,1216,2,8,0
265,8,4357,171,1,1,7,211,906,1,4,0
268,5,4109,161,1,0,1,10,517,1,5,26
270,6,3776,496,0,0,1,171,466,2,11,1
271,7,2749,651,3,0,7,1310,258,0,9,32
272,7,2891,244,0,3,2,990,913,2,8,0
273,9,3331,1951,2,0,5,791,1041,2,6,1
274,7,2233,33,1,0,7,1085,956,3,5,18
275,11,2683,2085,1,0,7,215,1042,0,13,1
276,6,2501,259,3,0,3,1270,278,0,2,1
277,83,4246,2794,8,6,36,498,1147,2,7,27
286,17,3113,1289,5,0,1,277,1358,1,12,8
288,10,3692,309,2,0,7,356,1118,4,8,15
289,5,3470,262,2,0,7,307,125,3,7,1
291,9,3385,2369,3,0,3,80,1073,0,9,1
292,6,2865,876,3,0,1,1016,281,2,4,1
293,5,2914,158,1,0,7,467,1088,2,12,1
300,5,2276,866,1,0,7,1181,439,2,4,1
302,6,2732,431,1,4,7,146,1054,1,12,1
304,12,3287,2195,7,0,5,503,286,1,2,1
305,5,2877,57,1,1,7,1295,184,2,9,1
306,27,3246,2371,2,3,14,648,643,3,7,8
309,6,3494,1431,2,0,7,75,1288,3,2,0
312,7,2425,2374,3,0,7,588,1383,2,4,15
313,7,3627,930,1,0,2,418,601,2,4,1
314,8,4040,1170,1,3,7,1057,1134,2,7,1
315,28,2903,2562,3,8,6,497,77,4,4,27
316,5,2731,399,2,0,7,475,142,2,6,22
317,5,2728,1249,2,0,7,22,1082,2,8,1
318,22,3477,1388,3,2,11,269,702,3,6,1
319,8,2689,1527,1,0,3,1001,33,2,16,1
323,7,3700,199,1,2,7,813,463,2,10,0
330,5,4087,803,2,0,7,1074,1236,1,5,34
331,6,3340,847,1,6,7,1162,433,4,6,15
332,6,2768,440,2,2,0,572,700,0,8,1
336,11,3828,156,2,1,1,437,1280,3,3,1
338,8,3918,1021,3,0,7,1138,484,2,12,26
339,8,2866,1777,1,0,7,99,745,3,10,8
340,10,3320,596,2,1,3,4,544,1,4,1
344,73,2474,2788,9,1,9,28,1246,3,11,17
345,6,4043,2471,1,0,7,271,529,2,5,1
347,5,3922,175,1,0,1,1295,184,2,10,32
349,6,3387,1154,2,0,7,921,895,0,10,1
350,10,4210,1815,5,1,3,1334,797,2,2,27
357,5,4323,1425,2,0,7,22,1082,3,11,4
358,9,3649,1084,2,0,3,490,1380,4,14,27
360,5,3383,258,1,0,7,839,1382,0,12,1
361,6,3230,648,1,0,7,588,1383,0,4,1
366,5,3309,211,5,0,2,80,1073,2,5,8
367,7,3928,695,1,0,7,1212,673,1,7,1
368,10,4149,2411,4,1,1,604,598,4,9,15
370,5,3314,295,1,2,7,483,1063,4,18,8
373,5,2363,625,5,3,7,445,1347,4,3,1
374,7,4138,609,2,2,7,509,131,3,8,15
376,5,4097,856,1,0,7,130,854,0,11,24
378,5,4304,182,1,1,7,6,948,0,6,1
379,17,2602,2565,7,1,1,352,652,2,10,17
380,12,2752,2356,8,0,6,358,1052,2,9,8
382,5,2454,1139,3,1,7,856,147,2,13,1
384,6,2376,199,0,0,7,416,1168,0,5,1
388,15,3600,2349,6,1,3,530,573,2,2,0
389,9,3304,756,4,0,7,588,1383,1,3,1
390,6,2380,80,2,0,7,476,992,1,14,16
391,6,4305,1180,2,0,7,289,1155,1,8,1
392,8,3196,504,6,0,1,909,1388,0,10,1
393,6,3506,365,3,2,7,1065,1069,2,3,9
394,13,3872,2652,2,0,7,289,1155,2,11,24
395,6,2736,1133,1,0,7,6,949,1,15,8
396,6,3158,47,2,2,7,785,883,1,5,1
398,8,3718,877,1,0,1,339,988,3,8,8
399,6,2539,98,1,2,1,1339,7,2,1,15
402,9,4394,274,2,0,7,1022,1389,3,5,1
404,5,3303,80,2,1,7,890,1338,1,12,1
405,5,3148,1120,3,3,7,1157,1141,2,11,8
410,9,4362,2448,2,1,3,487,1304,1,6,1
412,5,4282,684,2,0,7,895,10,0,10,1
415,5,2591,235,2,0,1,481,1166,1,5,16
416,9,2645,2381,4,0,7,80,1073,1,8,17
420,10,3739,1210,5,5,1,890,1338,2,6,0
421,6,2883,723,1,0,7,96,1399,1,8,1
422,8,2498,1401,1,0,2,312,1269,3,8,29
423,5,4366,209,1,1,7,1225,1116,2,5,1
424,48,2665,2699,2,0,12,215,1042,1,10,1
425,10,2491,1120,3,0,3,397,1185,1,9,6
426,8,3614,1663,1,0,2,192,852,2,9,1
427,9,3595,281,5,0,7,791,1041,4,5,1
429,7,3791,1759,3,2,1,881,778,1,4,26
433,8,4287,1505,1,1,1,107,734,3,10,1
434,33,2930,2383,6,4,11,410,1292,3,15,9
435,7,3176,74,3,0,7,736,331,0,6,1
436,5,3135,1437,1,2,7,1321,1178,1,8,26
438,10,3018,2446,6,0,1,1008,1392,3,8,1
440,5,3308,429,2,0,1,1074,1236,2,5,8
441,5,2984,738,1,1,7,358,1052,4,5,15
442,5,4393,1454,3,0,7,1074,1236,2,9,8
444,8,2257,1302,1,0,7,76,928,2,10,1
445,6,4207,1328,1,0,7,1078,23,3,3,4
446,10,4155,1301,3,0,7,46,1200,1,3,29
447,6,3090,197,3,4,0,1198,218,2,3,34
448,7,2864,1238,2,2,7,593,965,1,10,1
449,6,2597,1358,2,0,7,6,949,1,9,1
456,7,3323,235,2,0,7,454,354,4,12,27
457,29,2401,2725,5,1,9,720,867,2,9,26
458,5,2825,1186,2,0,7,1175,1294,3,13,27
459,10,4239,2232,7,0,2,364,1344,4,9,16
468,6,4058,136,1,0,7,216,525,3,7,1
469,6,2696,1395,1,2,7,1074,1236,2,6,8
470,13,3211,2710,10,5,3,878,656,1,9,13
471,5,3229,281,1,0,7,1340,620,0,7,1
473,5,4108,747,1,2,7,82,941,2,6,1
475,5,3670,1015,2,0,7,91,528,2,9,8
477,10,3921,421,19,0,1,490,1380,0,13,1
479,8,2670,632,0,2,7,193,669,1,6,1
480,5,3303,80,2,1,7,890,1338,1,12,1
481,7,2464,356,0,4,7,1201,311,2,4,16
482,8,2272,553,4,0,1,97,1077,2,10,1
484,8,3154,165,4,0,0,1202,984,4,12,8
485,5,3224,333,1,0,7,609,298,3,11,11
489,11,3418,2343,2,0,7,631,820,1,6,9
490,6,3258,328,2,3,7,338,1287,2,9,1
493,17,4433,2713,4,0,4,1022,1389,4,7,1
494,21,3538,2309,4,5,10,410,1292,0,10,1
495,5,3503,203,1,0,7,731,239,2,11,15
496,9,2575,941,2,2,2,956,968,1,9,1
498,7,3684,42,3,0,7,523,943,0,7,15
499,5,2856,451,1,0,7,778,1316,2,3,1
500,7,3694,1256,2,2,7,1319,306,2,10,1
504,7,4396,2402,3,0,7,1195,1340,1,12,28
506,5,4273,12,2,2,7,852,1135,2,5,4
508,5,4419,62,3,2,7,1006,415,1,8,0
509,19,3173,1918,3,4,5,585,1320,3,12,8
510,37,2535,2738,7,3,8,585,1320,3,11,8
512,6,3877,186,1,0,7,709,132,1,12,1
513,18,3459,2666,5,0,6,247,898,3,9,15
515,6,4071,432,1,0,7,282,390,2,5,6
516,7,4307,1643,1,0,2,569,918,4,9,8
518,5,3034,508,1,2,7,1076,32,1,7,0
519,12,3974,1210,1,3,0,1191,989,3,13,4
520,13,3416,1852,3,1,4,140,380,1,7,1
524,13,3961,2466,3,2,1,1023,760,3,7,15
525,11,4291,2096,2,1,7,460,546,0,7,1
526,7,3541,151,1,8,1,993,723,2,6,0
528,6,3501,626,1,0,2,1230,1103,3,12,13
529,18,4190,2654,2,0,3,383,409,2,10,1
531,19,3840,1515,7,8,9,472,817,2,15,9
533,9,4330,1022,1,1,1,1246,597,1,6,2
534,7,2228,558,2,0,7,479,1333,2,7,1
535,7,3252,465,1,0,7,636,950,1,5,1
536,7,3417,2404,1,0,3,806,1224,0,3,1
537,5,3709,612,1,0,7,1185,1193,4,11,8
539,10,4219,1297,2,0,1,817,570,3,19,4
541,6,3757,1228,2,0,7,12,297,2,12,1
542,5,4079,476,2,0,7,21,718,2,2,4
544,6,3103,709,3,0,7,1074,1236,1,8,1
545,7,3604,261,3,2,7,814,1354,0,10,26
546,8,4018,435,6,1,1,168,1348,2,12,15
548,5,4398,172,2,0,7,542,1321,1,5,1
549,13,3102,2423,6,0,4,450,1373,0,8,28
551,14,2653,2400,1,4,7,422,1112,1,4,1
554,8,3196,504,6,0,1,909,1388,0,10,1
555,6,2545,1660,1,0,7,91,528,1,17,0
558,11,3428,1575,3,3,0,214,1099,4,9,15
559,6,3406,1234,2,1,7,1295,184,1,6,32
561,9,4052,1363,2,3,1,1185,1193,2,4,8
562,10,3787,1538,2,0,7,433,596,1,12,1
563,6,2605,1728,2,0,7,457,796,2,11,16
564,7,3104,130,1,0,7,1074,1236,0,9,1
565,5,4336,94,2,0,7,513,1274,3,16,8
566,6,3594,509,1,2,1,817,570,3,6,15
567,9,3625,187,2,0,7,673,105,4,13,3
570,5,2596,2290,1,0,7,1185,1193,3,4,1
574,6,2367,260,3,0,7,1185,1193,3,7,1
576,7,3792,326,1,0,7,1331,2,0,17,1
578,10,3978,2153,4,0,4,940,1384,3,6,1
579,6,3126,558,0,2,1,804,287,4,12,4
580,21,4002,1960,4,0,6,402,966,0,8,1
583,8,4182,430,3,5,1,919,1277,1,8,0
584,6,3665,1036,2,1,7,338,1287,4,6,8
591,14,3243,2466,6,8,2,115,1282,3,7,13
594,3,2677,1755,6,2,7,1289,1092,2,10,9
595,8,2256,1439,1,2,1,346,395,4,9,30
598,9,3563,1288,1,0,7,67,1094,1,4,8
601,10,3732,2180,1,1,2,780,251,1,4,1
602,23,4062,1305,7,2,3,523,942,2,6,15
604,9,2343,474,5,1,1,860,912,2,12,1
605,10,2693,1032,2,0,2,1022,1390,4,11,29
606,6,3495,615,2,0,1,524,977,0,13,1
607,7,2339,1157,2,0,7,352,652,1,14,1
609,5,3645,496,0,3,7,603,708,2,11,21
610,7,3697,60,4,6,7,164,637,1,9,0
612,6,3108,728,2,0,7,1222,146,3,7,0
615,6,4391,175,1,0,7,455,83,1,13,1
618,8,4343,857,3,0,1,959,561,2,6,4
621,7,4172,812,1,0,7,43,1315,1,4,1
623,6,3350,267,2,0,7,369,707,2,6,15
626,5,3436,410,1,0,7,390,523,1,12,15
627,5,2601,329,1,1,7,485,118,3,8,1
629,6,3400,398,1,0,7,1328,55,4,5,9
630,5,2707,638,1,1,7,800,539,4,5,8
633,5,4241,763,3,0,7,29,1252,2,7,16
634,5,3390,850,1,0,7,597,1222,2,5,8
635,12,3592,1729,12,2,4,814,1354,0,7,34
636,6,2553,403,2,0,7,589,474,2,9,27
637,7,3664,391,2,2,7,569,918,2,7,8
638,5,3038,310,1,0,7,1232,538,1,5,15
639,6,4051,197,1,0,1,112,940,1,10,1
640,11,3816,2770,3,5,1,567,123,4,5,34
642,6,3413,591,1,0,7,890,1338,2,10,1
645,7,4222,1067,3,5,7,1085,956,4,5,9
646,8,3799,506,4,1,7,1188,645,4,15,9
647,36,3646,2319,2,2,6,814,1354,4,6,1
648,5,4160,289,1,0,7,542,1321,1,2,1
651,5,4241,763,3,0,7,29,1252,2,7,16
653,7,4466,1303,1,3,7,62,330,0,7,1
655,19,4325,2382,3,1,3,357,1106,4,8,15
656,9,4008,2289,1,4,1,60,282,1,7,8
658,5,4308,948,2,0,7,1340,620,3,9,8
661,5,2971,561,2,0,7,673,105,4,9,17
662,7,2279,427,1,0,1,982,1038,1,5,1
665,7,2537,927,1,0,1,1023,757,1,9,1
667,5,3505,270,1,4,7,832,351,2,7,1
668,7,4320,85,4,0,1,588,1383,1,3,1
669,12,2422,1352,4,2,5,334,795,1,5,1
673,13,2243,861,3,0,4,80,1075,0,10,1
676,46,3980,2700,6,0,29,1065,1069,2,3,9
677,7,3885,680,1,0,7,756,1218,2,3,8
678,10,3132,989,3,0,2,723,1312,2,17,1
679,9,2293,1877,3,0,7,1196,1250,3,6,8
680,29,2526,2636,2,1,3,12,301,1,7,30
681,5,2950,2398,3,1,7,163,448,2,3,34
682,9,2592,2346,7,2,7,367,1267,0,13,6
683,8,3381,99,1,0,7,428,1278,1,8,1
684,6,3290,1071,2,0,7,283,1346,3,10,18
691,5,3767,801,1,0,7,18,711,2,4,8
694,6,4211,1610,2,0,7,924,1376,4,6,22
695,5,2966,263,3,0,7,338,1287,3,2,8
701,6,2850,271,0,2,0,365,654,3,8,8
703,5,3360,750,1,0,7,1154,710,3,6,1
705,9,3631,1558,2,0,4,32,1379,1,6,1
706,11,3551,1808,1,4,1,67,1094,4,8,27
709,6,4091,1831,2,0,7,1288,355,2,11,1
712,6,2719,120,0,2,7,101,613,2,10,1
713,7,3209,313,2,0,2,307,125,2,4,1
715,5,3775,887,1,2,0,1214,271,2,6,8
717,4,4351,188,1,0,7,890,1338,2,11,17
720,7,2254,778,2,1,0,338,1287,3,10,1
721,5,4431,514,1,0,1,76,928,1,6,1
722,42,4337,2643,5,3,26,422,1112,2,9,1
724,6,3558,938,1,0,1,542,1319,1,5,15
725,5,2811,820,1,3,7,347,180,3,14,1
726,6,4437,1419,1,0,7,139,1353,3,9,26
728,10,3621,2301,3,0,3,1299,376,2,10,8
731,6,2696,1395,1,2,7,1074,1236,2,6,8
732,5,3819,861,4,1,7,63,1230,1,12,26
733,5,2758,1044,5,0,7,481,1166,3,6,26
736,8,4095,2399,3,4,7,487,1304,2,6,16
737,6,3055,176,1,1,7,617,995,2,10,15
744,6,3889,256,2,0,7,1185,1193,2,9,0
746,9,4150,354,2,0,7,699,445,1,12,1
748,10,3862,1013,0,0,7,171,466,2,5,1
753,12,3599,1639,5,2,3,1313,1335,4,5,8
755,6,2447,995,2,0,7,804,287,0,6,1
756,8,2274,921,2,0,7,76,928,2,7,15
764,11,4313,2181,1,0,1,377,764,2,5,8
765,6,4034,2590,3,0,7,852,1135,3,14,1
767,10,2703,2065,4,0,2,186,246,2,7,1
768,7,2953,333,0,1,7,435,959,3,10,1
769,5,4248,50,1,0,7,312,1269,3,17,30
772,6,3094,153,0,0,1,1122,893,1,6,1
774,6,4192,38,1,0,7,91,528,0,4,1
775,7,3019,2220,3,1,7,368,468,0,8,34
776,8,3492,252,5,0,3,470,280,1,9,1
778,6,4115,557,2,0,7,987,1172,3,7,27
783,6,2460,822,2,0,1,397,1185,1,8,1
784,20,4208,2068,3,0,3,355,1245,4,6,15
785,5,3855,200,1,2,7,338,1287,2,7,8
789,7,3615,1375,2,0,2,1264,799,3,4,1
792,5,2523,2046,2,0,7,433,596,2,5,1
794,7,3926,503,2,5,7,494,824,2,7,27
795,6,2458,659,2,0,7,80,1073,2,12,6
797,14,3233,2732,5,0,7,224,299,1,6,11
800,5,4277,1688,2,0,7,1295,184,1,9,32
801,19,2574,1102,3,3,5,119,1197,4,5,0
802,11,4426,1836,2,0,7,1098,604,3,9,1
804,7,3518,246,1,4,0,768,1357,2,10,15
805,5,3914,552,2,0,7,790,516,2,11,1
810,12,4375,1917,6,2,3,211,906,2,7,1
812,5,2788,1818,2,2,7,314,461,0,6,1
813,13,2410,2262,1,0,2,588,1383,2,3,16
815,6,3535,66,1,0,7,678,785,2,8,1
816,6,4460,1124,0,6,7,96,1398,3,8,8
819,8,2720,237,1,0,7,917,635,0,6,6
821,5,3607,281,5,0,2,32,1379,2,16,8
825,7,4141,1078,4,2,2,890,1338,2,9,1
827,8,2896,375,1,4,7,450,1373,2,9,16
828,10,2636,1564,1,9,2,696,1145,2,6,22
829,7,2650,1724,2,7,7,133,1013,1,8,8
830,16,2933,2582,6,0,2,1022,1389,2,8,6
831,6,3824,1231,2,0,7,206,1241,0,11,1
832,7,2716,863,1,0,0,10,517,4,6,26
839,21,4401,2325,2,2,1,228,576,4,6,30
840,5,3016,191,6,0,7,28,1246,1,2,1
844,11,2756,2269,1,0,1,762,1328,0,11,1
845,14,2987,2198,23,13,6,25,1301,2,12,26
847,19,2540,2711,2,3,3,534,1273,2,9,15
848,5,3681,307,1,0,7,67,1094,2,6,0
853,7,2603,847,1,2,7,1256,127,3,3,27
854,7,3496,1012,1,0,7,535,359,1,7,22
856,13,2461,1342,2,1,1,137,964,1,14,21
857,5,3461,1323,2,2,7,1153,241,2,8,1
859,7,3941,122,0,2,7,204,198,2,13,1
860,4,3593,445,1,0,1,997,668,3,16,1
861,7,2537,927,1,0,1,1023,757,1,9,1
863,6,2475,189,0,4,7,338,1287,2,3,0
865,6,4023,1298,2,7,7,1040,203,4,15,1
867,6,2699,147,7,0,7,481,1173,1,1,0
868,32,3076,1464,1,7,6,864,289,2,8,8
871,10,2368,798,0,1,1,956,968,2,8,1
875,5,2630,230,2,0,7,450,1373,0,9,1
876,27,3439,2680,7,0,14,1019,1207,0,11,1
877,5,3377,894,1,0,7,755,1018,3,10,1
878,7,4424,630,3,0,7,529,1005,1,6,1
881,8,3119,2022,3,0,1,588,1383,2,2,1
884,5,3590,237,5,0,7,338,1287,1,6,4
886,6,3805,849,1,3,7,1069,693,3,4,27
888,88,2726,2748,8,4,45,1022,1389,3,8,6
890,6,3946,1467,4,0,7,1017,496,1,3,1
891,9,2727,254,3,6,7,546,150,0,7,9
892,5,2210,525,2,0,1,507,1279,1,8,1
895,5,2503,426,1,0,7,444,456,2,6,22
898,9,3469,124,3,0,1,791,1041,1,5,1
901,6,4305,1180,2,0,7,289,1155,1,8,1
902,6,2553,403,2,0,7,589,474,2,9,27
905,5,3865,728,1,0,7,1109,1170,2,3,9
906,6,4077,101,1,0,7,456,94,1,12,4
908,7,3752,2617,1,3,1,80,1073,4,10,26
910,8,2720,237,1,0,7,917,635,0,6,6
911,8,2383,158,0,0,0,358,1052,2,12,34
912,7,3386,840,1,0,1,514,40,2,11,4
916,5,2741,300,0,8,7,723,1312,3,9,9
917,6,3668,1856,1,3,7,133,1013,3,14,8
919,8,2369,323,1,1,7,1239,1151,0,6,1
920,6,2676,1979,5,0,7,75,1288,4,7,8
921,8,2968,2454,2,3,7,367,1267,1,11,6
922,5,2309,208,1,0,7,1197,658,1,13,1
923,6,2940,957,3,0,7,1035,1260,2,7,15
924,6,3557,978,3,1,1,329,1119,3,8,6
925,7,3481,1358,1,0,2,487,1306,0,4,1
926,12,3012,1423,2,0,1,588,1383,2,7,1
927,20,4465,2276,4,4,1,790,516,1,10,15
928,6,4076,168,1,1,7,1301,607,1,14,16
931,16,2895,2177,7,1,4,473,725,0,7,1
932,6,3853,1642,2,0,0,133,1013,0,13,1
933,5,3011,1372,2,1,1,1074,1236,2,9,8
937,8,2352,1508,2,0,7,817,570,4,5,1
938,26,4069,2225,2,1,8,940,1384,0,11,1
940,5,2897,1196,1,1,0,890,1338,2,11,1
941,10,3115,492,2,2,1,221,1351,2,8,25
942,6,3128,311,2,2,7,993,723,3,13,17
943,5,2408,202,8,1,1,577,814,3,8,27
951,6,4342,1455,2,2,7,580,1244,2,4,37
952,26,2392,2144,9,3,10,377,764,3,8,8
953,6,2197,23,0,0,7,788,1216,1,6,1
958,5,3402,684,2,0,0,1014,1029,3,12,15
959,19,2394,2615,6,2,9,67,1094,3,4,0
965,5,3981,298,2,0,1,1295,184,2,5,32
967,6,3122,235,0,2,7,84,1352,4,8,0
969,6,2306,2327,3,0,1,338,1287,1,6,1
970,7,4178,1222,2,3,7,662,457,4,11,17
972,5,4306,25,1,0,7,533,1182,1,15,15
973,7,2993,107,3,0,7,1196,1250,3,12,8
975,5,3931,534,1,2,7,886,662,2,11,1
976,13,3347,2403,2,0,1,354,1138,1,5,36
977,8,2466,539,2,2,7,379,908,3,6,8
978,19,4416,1321,1,2,7,1088,937,2,6,16
979,23,4062,1305,7,2,3,523,942,2,6,15
980,5,3617,1669,1,0,7,1029,20,0,11,1
981,5,4022,336,3,1,7,1022,1389,0,13,27
982,6,3693,1798,1,0,7,490,1380,3,11,24
983,6,2348,281,1,3,7,6,948,2,10,5
986,7,2745,60,0,3,7,96,1398,2,9,16
989,11,2287,1147,2,1,2,506,322,3,7,16
995,16,3163,1627,3,1,6,466,166,1,6,1
996,5,4347,1425,4,2,7,890,1338,2,12,17
998,76,3322,2778,17,3,43,73,860,3,4,26
1000,6,2850,271,0,2,0,365,654,3,8,8
1003,7,3134,566,1,0,0,1080,660,4,5,0
1005,8,4036,607,3,3,1,940,1384,0,7,1
1007,6,2862,2083,2,0,1,1289,1092,0,8,1
1009,14,4049,2479,5,0,6,1057,1134,2,2,1
1010,8,2972,491,2,4,2,115,1282,1,15,1
1011,6,4110,460,0,2,7,187,1249,1,7,4
1013,11,4461,1790,4,0,1,346,395,4,6,29
1014,7,3845,2192,5,1,3,289,1155,2,5,1
1017,6,2430,395,1,0,7,951,75,4,6,10
1019,5,3470,262,2,0,7,307,125,3,7,1
1021,4,4234,141,3,0,7,331,389,3,8,4
1022,7,2345,236,3,1,7,424,1363,1,16,1
1024,33,3020,2676,6,0,10,381,1264,4,13,1
1025,5,4064,309,2,1,7,667,758,2,4,1
1026,5,4431,514,1,0,1,76,928,1,6,1
1027,14,2947,1926,2,7,5,965,459,2,9,9
1030,6,2324,347,0,0,7,244,1365,1,12,0
1031,5,2998,333,1,1,7,163,448,3,5,1
1034,9,4007,459,4,0,1,326,792,2,9,16
1036,5,2644,1125,5,1,7,870,762,2,9,1
1038,15,2578,658,3,2,2,645,991,1,7,1
1040,6,3080,483,2,1,1,759,291,2,4,30
1041,5,2771,207,1,1,7,1333,178,1,9,1
1042,5,2672,878,1,0,7,616,746,4,11,15
1044,10,2554,2031,4,0,7,338,1287,0,3,1
1045,10,3143,2470,1,0,3,67,1094,2,11,8
1047,31,3740,2726,4,0,8,1313,1335,1,10,1
1050,7,2424,1067,2,0,1,28,1246,2,10,0
1057,7,2350,1234,2,1,7,553,1046,2,19,26
1058,5,3099,412,2,4,7,500,800,2,12,1
1060,8,3750,231,1,1,7,1311,879,0,5,0
1066,15,3933,2433,4,4,2,80,1073,1,4,4
1069,6,3145,164,1,0,7,741,838,2,6,1
1070,5,3998,81,1,0,7,919,1277,2,14,0
1071,14,3071,2174,1,0,7,588,1383,1,4,1
1072,8,3120,1972,5,4,0,1033,326,2,5,8
1073,5,3142,762,1,0,7,218,850,3,5,4
1075,32,2932,2452,3,1,9,490,1380,1,13,8
1077,6,4187,380,4,0,7,792,574,1,6,4
1078,8,2452,897,1,0,1,383,409,2,13,1
1085,7,3507,1128,4,2,7,1065,1069,2,8,1
1088,6,4305,143,3,0,1,527,346,2,8,8
1090,9,3022,800,1,0,1,1135,78,2,16,15
1096,11,4061,2186,5,0,3,373,477,3,7,15
1097,11,3954,824,2,0,2,338,1287,1,9,21
1098,5,3510,1807,1,0,7,297,1079,2,8,4
1099,11,4259,1410,1,0,0,788,1216,2,3,1
1102,8,2620,1749,4,1,7,806,1224,1,4,26
1104,6,4047,982,1,0,7,1310,258,0,12,32
1105,13,4157,1717,1,1,3,628,947,3,10,8
1106,9,3754,1691,2,0,7,588,1383,2,4,1
1108,5,2436,37,1,0,7,366,827,3,9,8
1109,5,3831,483,1,0,1,496,674,2,6,2
1110,7,2614,571,1,2,7,588,1383,1,5,1
1115,5,3580,33,2,0,7,807,534,1,3,30
1116,7,4116,309,0,2,4,532,1131,2,9,6
1119,8,4125,975,3,5,1,32,1379,4,1,8
1125,11,2804,2532,5,0,5,28,1246,3,2,8
1127,6,2441,780,5,2,7,44,1391,3,7,34
1131,6,2893,111,1,0,7,353,680,2,4,34
1133,8,2782,1276,6,1,7,167,1044,3,9,1
1134,6,3758,1088,3,0,7,283,1346,2,5,27
1135,5,2920,24,1,0,7,1112,1223,2,8,1
1136,33,3527,2531,8,0,5,362,1117,2,8,27
1137,6,3366,384,1,1,7,961,899,2,4,15
1139,9,3523,2227,2,1,1,343,303,1,5,32
1140,6,2673,2339,2,3,1,715,244,3,9,15
1141,20,3661,2567,7,1,2,1009,694,3,13,15
1142,5,3284,198,3,1,7,551,672,3,8,13
1145,7,2869,544,2,1,7,1178,1371,3,8,15
1147,6,3474,1940,3,0,3,304,49,4,6,27
1149,5,3981,298,2,0,1,1295,184,2,5,32
1150,7,4145,2074,1,0,7,588,1383,3,2,15
1151,11,4448,298,2,9,4,1229,857,0,3,7
1154,5,3866,555,1,0,7,856,147,1,8,16
1155,7,3068,1153,0,3,7,381,1264,2,7,8
1156,6,2568,342,1,0,7,65,888,2,6,1
1157,5,3420,667,1,0,7,788,1216,1,7,1
1159,7,4141,1078,4,2,2,890,1338,2,9,1
1160,29,4297,2576,13,5,11,986,1000,0,10,1
1161,6,3582,733,1,2,7,763,813,3,8,27
1162,5,3663,141,1,0,7,910,19,2,4,1
1164,5,2681,161,1,2,7,129,763,2,10,1
1167,7,2534,1225,1,0,0,461,1198,2,2,27
1168,6,3763,708,1,0,7,67,1094,2,7,1
1169,7,3752,2617,1,3,1,80,1073,4,10,26
1170,17,3734,2161,3,6,1,837,1064,2,9,8
1174,5,4153,1320,2,0,7,909,1388,2,20,0
1177,9,3077,1335,3,0,2,872,1253,4,4,8
1179,8,4046,929,1,0,7,580,1244,3,6,6
1180,15,4240,2613,2,0,5,67,1092,1,4,8
1181,5,2765,3,2,0,7,1112,1223,1,4,13
1182,5,4153,1320,2,0,7,909,1388,2,20,0
1184,5,3263,457,3,4,0,1295,184,2,5,32
1186,9,2697,1600,1,0,1,741,838,4,4,15
1187,5,4451,629,1,0,7,956,968,0,7,22
1188,7,3048,436,1,1,7,257,565,2,13,3
1189,5,2416,118,1,0,7,628,947,2,3,1
1191,8,2558,55,1,0,7,624,1023,3,9,1
1197,9,4457,969,3,0,7,467,1086,0,9,1
1198,5,3923,545,4,0,7,916,9,1,6,15
1199,11,3704,1309,2,2,7,723,1312,2,5,8
1201,5,2984,738,1,1,7,358,1052,4,5,15
1202,6,3516,856,1,3,7,156,776,3,5,16
1203,6,4390,687,2,4,7,329,1119,3,8,1
1204,6,2336,1354,1,0,1,358,1052,4,9,8
1205,17,2500,2330,9,3,2,375,821,1,3,8
1207,8,4341,341,2,0,7,494,824,1,11,1
1208,7,2771,1901,1,2,7,346,395,3,11,17
1209,6,4142,1476,5,0,7,487,1304,3,7,13
1210,5,3998,81,1,0,7,919,1277,2,14,0
1211,8,3276,891,2,0,3,788,1216,3,9,1
1212,11,4461,1790,4,0,1,346,395,4,6,29
1213,5,2273,862,3,0,7,588,1383,3,4,16
1215,8,4341,341,2,0,7,494,824,1,11,1
1218,5,3765,79,2,0,7,67,1094,0,7,1
1219,14,2514,1868,2,0,1,686,1102,0,13,1
1220,7,2543,277,1,0,7,397,1185,2,7,22
1224,7,2976,248,1,0,7,91,528,3,6,1
1227,7,3452,961,3,0,1,1295,184,1,11,32
1231,5,2610,423,1,0,7,28,1248,1,9,0
1232,14,4290,1252,3,1,3,723,1312,2,3,1
1233,9,3913,1842,3,0,1,723,1312,1,4,8
1234,5,2222,64,1,1,7,1105,148,1,14,2
1238,11,3271,1483,3,0,7,649,1257,1,4,8
1242,5,3219,62,1,0,7,1199,907,3,6,8
1244,5,3548,872,1,0,7,1001,33,3,20,8
1247,18,3995,1590,2,0,2,601,870,3,8,0
1250,5,2902,458,2,0,7,1051,31,1,7,1
1251,6,3333,516,0,4,7,709,132,0,13,1
1252,6,2739,1156,1,5,7,262,130,4,10,8
1255,10,2641,1651,1,0,3,1323,95,4,13,15
1256,10,2639,1689,5,0,7,1065,1069,3,1,9
1260,20,4037,2559,2,0,9,1126,467,1,5,1
1261,11,3002,1361,6,4,4,1065,1069,2,2,9
1262,55,3139,2573,9,6,41,134,1055,1,16,3
1264,6,4334,2363,1,2,7,28,1246,4,7,4
1265,6,3349,2266,4,0,1,871,915,2,7,9
1266,5,3795,469,3,1,7,10,517,3,6,26
1267,7,3798,869,1,0,7,809,72,1,8,4
1268,6,4128,700,1,0,7,65,888,2,6,1
1270,8,4349,1958,3,3,1,72,636,2,3,1
1271,5,4262,11,2,1,7,444,456,1,2,4
1275,7,2803,246,2,0,7,870,762,0,16,1
1277,8,2577,477,5,0,7,611,116,1,5,8
1278,7,3576,2417,2,0,3,890,1338,3,13,0
1279,10,3727,421,1,4,7,490,1381,2,11,27
1280,15,2388,2230,5,0,7,1086,1111,1,9,1
1281,8,4205,1747,4,0,1,517,855,0,17,27
1283,7,2631,109,1,2,1,151,741,2,13,3
1286,7,3711,948,2,2,1,234,92,2,7,1
1289,5,2944,735,2,0,7,26,417,1,16,16
1290,7,3810,591,1,0,7,1022,1389,1,7,15
1292,6,2568,342,1,0,7,65,888,2,6,1
1293,6,2708,12,1,0,7,137,964,3,10,1
1294,5,4006,1652,2,0,7,353,680,1,4,1
1295,10,3324,766,1,0,1,27,202,2,5,4
1296,6,3017,872,2,0,1,1085,954,3,7,7
1297,16,3733,1824,5,11,3,436,868,3,8,8
1298,6,3818,237,1,0,1,131,564,2,6,1
1299,10,2412,536,3,0,2,338,1287,3,6,1
1301,12,3994,1329,2,5,5,1182,780,3,10,7
1305,9,3435,1626,1,1,2,433,596,1,12,1
1307,4,3367,176,1,0,7,637,1123,3,16,0
1309,6,4250,426,2,0,0,909,1388,2,6,8
1313,27,2985,2609,6,1,8,312,1269,2,11,1
1315,5,3259,571,2,2,7,338,1287,1,6,21
1316,13,2432,2079,1,4,3,806,1224,1,2,26
1317,11,3441,2334,3,0,3,1185,1193,3,6,8
1319,14,3620,1181,5,0,7,899,829,4,9,1
1320,9,4216,1623,6,0,7,619,1144,1,9,1
1321,6,3608,1034,1,0,7,778,1316,2,8,1
1324,5,2918,136,3,0,7,93,753,2,12,14
1325,6,4413,233,0,5,7,431,748,3,10,1
1326,8,2311,708,3,1,7,542,1321,1,6,1
1327,7,2304,190,1,0,0,29,1252,3,14,7
1328,7,2252,1571,4,0,7,1103,1323,1,9,8
1329,7,2254,778,2,1,0,338,1287,3,10,1
1331,5,3955,679,1,5,7,1332,934,4,7,11
1332,8,2612,770,2,0,0,490,1380,4,10,27
1333,5,3437,32,2,0,7,297,1079,1,10,4
1334,11,4073,1977,1,0,7,612,892,1,8,1
1336,7,2844,231,1,1,0,847,961,3,5,3
1337,6,4236,394,5,0,2,469,789,3,12,15
1339,6,2942,2072,3,4,7,376,440,2,4,1
1341,6,3162,405,2,1,7,75,1288,2,2,13
1342,5,4215,150,1,0,7,780,251,1,2,1
1343,6,2713,404,1,0,7,1110,717,3,4,1
1345,6,4338,378,4,0,7,730,1191,0,7,1
1348,7,2617,808,2,0,1,180,862,2,11,15
1349,8,2313,497,2,0,1,99,745,4,9,30
1351,8,4095,2399,3,4,7,487,1304,2,6,16
1355,5,3051,521,4,0,7,588,1383,1,3,1
1356,8,3485,744,3,2,1,697,1181,2,10,1
1360,13,2750,622,3,0,1,338,1287,2,6,1
1364,8,4243,1652,4,3,1,182,871,4,6,16
1365,7,2821,638,2,0,7,1338,69,1,7,27
1366,8,4177,1535,0,0,7,788,1216,1,7,8
1369,9,3029,983,0,3,1,310,1310,1,10,1
1370,6,4441,279,1,0,1,909,1388,4,10,1
1374,6,2695,996,1,1,1,312,1269,4,9,30
1375,19,4325,2382,3,1,3,357,1106,4,8,15
1378,8,2827,414,2,0,2,96,1399,3,21,8
1379,10,3858,1426,1,0,1,1035,1263,4,7,13
1380,6,2678,30,2,0,7,338,1287,2,8,4
1382,16,2933,2582,6,0,2,1022,1389,2,8,6
1385,8,2498,1401,1,0,2,312,1269,3,8,29
1387,8,3940,1308,3,0,7,1080,660,4,4,8
1389,5,4165,97,2,0,7,663,360,2,4,1
1392,6,2475,189,0,4,7,338,1287,2,3,0
1394,10,3231,1338,4,5,1,467,1086,3,8,15
1395,5,2385,233,1,0,7,18,709,0,5,1
1396,11,4458,1489,2,0,2,591,676,2,4,6
1398,6,4144,2024,2,4,0,453,177,2,4,15
1399,19,3840,1515,7,8,9,472,817,2,15,9
1401,6,3932,726,2,2,1,1315,384,2,5,8
1402,6,4402,2048,6,0,1,534,1270,3,3,16
1408,10,2637,327,2,1,2,32,1379,3,5,0
1409,7,2304,190,1,0,0,29,1252,3,14,7
1410,14,3071,2174,1,0,7,588,1383,1,4,1
1412,7,2733,2435,3,5,2,739,1204,1,12,16
1415,6,3534,637,1,2,7,561,881,2,3,26
1419,37,2372,1833,3,6,3,809,72,1,13,0
1420,6,4091,1831,2,0,7,1288,355,2,11,1
1421,10,2519,2354,5,1,2,80,1073,0,6,6
1422,58,4326,2212,10,0,22,763,813,3,7,1
1423,6,4017,132,0,0,7,645,991,2,14,1
1424,6,2942,2072,3,4,7,376,440,2,4,1
1426,6,2702,351,0,2,7,779,771,2,5,21
1429,5,4321,83,1,0,7,1266,897,4,12,8
1430,5,3905,1245,1,2,7,798,1127,2,11,1
1431,11,2878,1736,3,0,1,1327,379,1,6,1
1433,5,3309,211,5,0,2,80,1073,2,5,8
1436,5,3235,449,1,1,7,1185,1193,3,6,8
1438,6,2465,36,2,0,7,795,188,3,5,4
1440,65,3924,2709,7,0,27,866,284,2,5,1
1446,7,3967,1268,2,0,7,343,303,2,3,16
1447,7,3835,340,0,2,7,708,495,3,11,1
1449,7,2599,395,2,0,7,930,1367,2,11,16
1451,7,2737,1280,2,0,1,221,1351,2,4,7
1455,8,2988,2209,3,1,7,28,1246,4,8,0
1458,9,2356,1796,2,1,1,394,505,1,8,15
1459,90,4000,2762,10,0,24,863,1394,1,4,30
1460,8,3084,1471,1,0,2,577,814,2,6,27
1464,9,2965,2480,6,1,2,478,683,2,6,36
1466,6,3325,202,0,0,1,1172,174,3,11,8
1467,8,3869,425,1,0,7,860,912,2,6,1
1474,10,3854,1741,3,1,2,1327,379,1,3,17
1475,7,3773,1795,4,0,3,1074,1236,2,5,8
1479,5,2704,137,2,0,7,961,899,3,11,9
1480,6,3796,519,3,0,7,530,580,2,3,1
1482,9,3959,1023,1,2,1,387,387,3,8,1
1483,13,3037,1771,1,3,1,70,921,1,6,1
1484,7,3175,1658,1,0,7,149,1015,2,7,1
1485,6,3350,267,2,0,7,369,707,2,6,15
1489,5,4154,396,1,1,7,891,877,2,9,16
1493,6,4063,1792,1,1,7,809,72,1,8,8
1494,5,2429,802,5,2,7,886,662,3,22,11
1495,6,4268,93,1,0,7,91,528,1,13,1
1497,5,2494,751,5,4,7,834,659,1,5,16
1498,13,4174,419,8,7,1,111,1148,3,12,8
1499,6,4301,831,3,1,1,1031,314,1,6,6
1501,8,3354,1502,1,0,1,1056,217,3,8,14
1503,5,3376,104,1,0,7,257,565,2,6,1
1504,7,3615,1375,2,0,2,1264,799,3,4,1
1505,8,3869,425,1,0,7,860,912,2,6,1
1506,7,3302,966,2,0,7,487,1304,1,9,35
1507,5,3033,2,1,0,7,572,700,1,3,1
1508,7,2235,1055,1,1,7,731,239,2,4,30
1509,10,2391,1408,4,0,3,621,722,3,13,8
1510,8,4295,766,4,1,7,1022,1389,3,6,6
1511,10,3320,596,2,1,3,4,544,1,4,1
1512,6,2748,578,2,4,7,899,829,2,10,1
1513,5,4258,296,1,0,0,523,943,2,5,1
1514,8,2468,56,2,2,1,293,1362,2,13,1
1515,6,3904,818,2,0,0,67,1094,3,3,8
1516,14,3009,383,1,4,3,626,469,2,16,8
1522,11,3299,658,1,2,7,368,468,0,6,6
1528,8,2337,2285,1,0,1,80,1073,2,6,22
1529,5,4203,583,2,3,7,26,417,2,8,1
1533,6,3150,1329,2,1,7,241,357,3,9,8
1535,5,2966,263,3,0,7,338,1287,3,2,8
1536,16,3008,2489,7,1,3,138,432,4,14,1
1537,7,4430,2112,3,0,1,1049,494,3,6,1
1538,9,2760,192,8,0,0,870,762,2,19,1
1541,6,3817,334,3,1,7,792,574,2,4,1
1547,13,3977,2029,4,1,7,67,1094,2,6,8
1549,5,2818,346,1,0,7,403,945,2,10,1
1551,5,3254,1024,3,1,1,588,1383,1,3,1
1552,7,2864,1238,2,2,7,593,965,1,10,1
1553,5,3228,317,2,1,7,909,1388,3,14,0
1557,13,4060,2604,2,2,4,487,1304,2,10,15
1560,12,3361,2388,9,2,1,1069,693,3,6,8
1561,6,3328,172,2,0,7,954,473,4,17,8
1565,6,3267,160,3,0,7,670,1096,3,12,1
1567,6,2457,292,2,0,7,53,894,3,10,1
1568,7,2321,257,1,0,7,1074,1236,1,12,8
1570,13,3003,2632,1,0,7,923,1089,2,8,16
1571,6,3155,1138,1,0,0,1185,1193,2,3,0
1572,12,3012,1423,2,0,1,588,1383,2,7,1
1573,10,2573,1628,1,1,1,74,1076,3,13,8
1575,6,2516,887,1,2,7,940,1384,0,18,1
1576,5,4299,341,2,0,7,1095,506,1,4,1
1577,13,2761,1002,1,0,1,211,906,3,9,1
1579,8,3066,1821,1,1,0,174,834,3,10,1
1583,6,4204,206,1,0,7,788,1216,2,7,1
1584,5,4412,6,0,2,7,77,832,0,7,1
1585,15,2609,1665,3,2,2,1057,1140,1,3,1
1586,6,2967,729,2,0,7,915,14,1,15,1
1587,15,3933,2433,4,4,2,80,1073,1,4,4
1590,11,3828,156,2,1,1,437,1280,3,3,1
1591,5,2767,625,1,0,7,367,1267,0,7,6
1592,51,2691,2719,3,0,10,505,1109,1,9,37
1593,7,2958,2272,2,0,7,1043,368,2,6,1
1594,5,4226,1484,1,0,7,520,548,3,7,30
1596,15,4462,2146,3,8,2,633,1160,1,10,15
1597,5,2902,458,2,0,7,1051,31,1,7,1
1599,6,2480,326,1,0,7,676,179,3,11,15
1600,26,3212,2265,6,0,3,29,1252,3,9,9
1602,9,3754,1691,2,0,7,588,1383,2,4,1
1605,7,2738,304,3,1,1,508,1129,1,4,1
1606,6,2226,160,1,1,7,580,1244,2,9,1
1609,11,3216,460,9,2,2,501,973,2,4,15
1611,8,2980,1210,2,0,7,956,968,0,12,1
1612,6,2259,789,1,0,7,654,793,0,6,1
1613,6,2414,82,1,0,7,469,789,1,7,0
1614,6,2676,1979,5,0,7,75,1288,4,7,8
1618,6,3848,1569,3,0,7,494,824,3,19,16
1619,7,3214,162,1,0,7,266,151,4,8,0
1624,8,4349,1958,3,3,1,72,636,2,3,1
1626,6,3458,786,1,1,7,243,66,1,10,16
1627,9,4065,655,5,0,7,224,299,2,9,30
1630,6,3006,36,1,0,7,164,637,1,11,0
1631,9,4255,562,2,0,7,170,183,1,9,10
1634,9,4137,693,1,0,7,773,716,2,4,4
1636,5,2714,1463,2,0,1,1138,484,0,6,26
1637,15,4163,1391,2,0,1,936,1110,4,9,1
1638,5,2941,312,3,0,4,450,1373,2,3,0
1641,13,2341,2484,3,1,4,588,1383,3,2,15
1642,85,3857,2783,8,3,38,930,1367,2,8,11
1643,8,2337,2285,1,0,1,80,1073,2,6,22
1647,5,2824,50,3,0,7,1258,588,2,4,8
1649,8,4388,1077,1,2,1,588,1383,2,4,17
1650,5,3573,633,1,0,7,1317,664,4,5,0
1651,5,2848,60,2,1,7,76,928,0,12,1
1652,6,2990,685,3,2,7,43,1313,1,1,1
1653,5,2589,448,3,0,7,447,1290,2,11,0
1654,5,2346,2,1,1,7,1093,481,1,8,1
1655,10,4074,1625,1,1,1,1098,604,2,9,1
1657,6,3410,308,2,0,7,211,906,3,7,0
1659,13,2268,1673,3,0,7,863,1395,1,8,29
1662,5,3075,1787,2,4,0,1085,954,0,7,1
1666,7,2952,1928,2,0,7,234,92,1,10,1
1667,10,2471,437,2,0,1,312,1269,1,10,30
1668,5,4364,359,3,0,7,1086,1111,0,6,1
1669,5,2542,1383,2,0,7,163,448,0,9,1
1672,6,4460,1124,0,6,7,96,1398,3,8,8
1673,5,2751,719,5,0,7,1258,588,3,7,8
1675,14,3321,968,17,1,8,490,1380,4,2,34
1676,6,3215,1927,2,0,7,396,1026,4,12,1
1678,5,2557,524,1,0,7,163,448,0,5,1
1679,6,3413,591,1,0,7,890,1338,2,10,1
1682,8,3562,860,1,0,1,678,785,1,14,1
1684,6,3724,796,2,0,7,588,1383,1,3,1
1686,12,3814,1892,3,0,1,134,1055,4,17,1
1688,8,2846,2589,4,0,7,487,1304,1,10,15
1692,12,3177,2742,3,0,2,671,1228,1,14,24
1693,6,4066,269,1,1,1,667,758,2,8,1
1697,7,3999,49,2,0,7,1022,1389,2,5,1
1700,5,2387,352,3,0,7,872,1253,0,10,1
1701,6,3616,1735,1,2,7,88,277,2,7,15
1702,26,3212,2265,6,0,3,29,1252,3,9,9
1703,5,3149,82,1,4,7,1068,938,3,6,13
1715,5,2433,208,2,0,1,173,556,2,4,1
1716,6,3146,163,0,1,7,177,853,1,7,34
1717,6,3338,1391,4,0,1,29,1252,1,13,1
1718,8,2400,1242,4,0,7,120,337,3,13,9
1720,11,3266,1974,1,0,2,840,1374,3,11,8
1721,9,2409,2335,7,1,2,28,1246,4,10,0
1722,7,2803,246,2,0,7,870,762,0,16,1
1723,5,2436,37,1,0,7,366,827,3,9,8
1727,7,3703,764,1,5,7,952,227,3,10,21
1732,5,2300,41,1,0,7,1196,1250,4,6,8
1733,5,2469,270,4,4,7,890,1338,2,10,1
1734,7,3542,702,1,0,7,588,1383,2,5,1
1737,8,4280,1028,1,4,0,312,1269,2,12,16
1738,7,3054,715,1,0,7,667,758,2,6,1
1740,5,3573,633,1,0,7,1317,664,4,5,0
1741,6,4427,1379,1,0,7,533,1183,3,11,1
1742,8,4205,1747,4,0,1,517,855,0,17,27
1748,6,2426,321,1,0,7,546,150,1,13,1
1751,5,2899,19,1,0,7,870,762,1,17,36
1754,5,3337,696,1,0,7,576,383,3,19,0
1758,5,3343,1488,1,2,0,1140,426,2,10,1
1759,15,2759,1716,1,3,1,1003,1133,2,11,7
1761,3,3473,1226,5,3,1,450,1373,2,6,0
1762,9,4127,573,1,0,2,255,307,2,12,27
1763,5,3186,1549,3,0,1,210,960,3,8,1
1764,6,2724,379,2,1,7,65,888,1,7,0
1765,6,4312,1468,2,2,1,852,1135,0,7,4
1768,14,2507,397,15,6,7,175,1385,1,12,8
1769,5,2757,581,1,3,1,247,898,1,7,1
1770,12,3024,2314,4,0,8,1283,195,1,9,1
1771,7,3180,1952,4,0,7,668,1188,2,8,9
1772,7,3440,467,2,0,7,1074,1236,2,6,0
1774,81,3454,2702,13,1,26,355,1245,3,13,15
1775,5,4392,306,4,1,7,588,1383,1,5,13
1779,6,3489,1039,2,3,1,981,632,4,16,1
1781,6,3449,592,2,0,1,1075,93,4,6,14
1782,6,4387,677,2,0,7,96,1398,2,12,1
1783,7,2232,566,2,2,1,244,1365,4,10,4
1785,8,2777,1822,1,3,1,490,1381,3,14,1
1786,6,3046,230,0,1,1,145,422,2,9,1
1787,7,3553,154,2,0,7,1185,1193,2,11,8
1794,5,2283,141,1,1,7,685,971,1,4,6
1797,11,3833,2577,3,0,5,1185,1193,2,7,8
1799,6,3583,473,2,0,7,924,1376,2,5,1
1800,7,3542,702,1,0,7,588,1383,2,5,1
1802,13,4060,2604,2,2,4,487,1304,2,10,15
1804,6,3122,235,0,2,7,84,1352,4,8,0
1805,15,2939,2501,4,0,3,588,1383,1,6,1
1806,5,4282,684,2,0,7,895,10,0,10,1
1807,5,3951,1254,2,4,7,588,1383,3,5,21
1810,10,2561,542,1,7,2,1159,1203,3,7,16
1811,9,4289,2373,2,2,7,400,1251,3,10,16
1814,8,2742,113,1,8,7,82,941,2,13,4
1816,6,3495,615,2,0,1,524,977,0,13,1
1817,76,3322,2778,17,3,43,73,860,3,4,26
1820,7,2948,1739,0,3,7,80,1075,2,13,1
1821,8,2887,1645,1,1,2,1183,1297,2,6,9
1822,8,3081,1393,0,0,4,200,909,1,6,30
1823,5,2607,1906,3,0,7,66,1293,4,7,8
1824,11,4117,2278,1,0,2,533,1183,3,6,1
1825,7,3218,1107,3,2,0,27,202,2,6,0
1827,11,2901,1769,6,2,7,1326,626,4,19,8
1828,6,2904,395,1,2,7,157,878,0,1,1
1829,11,4302,1622,4,0,7,588,1383,0,2,1
1830,5,2849,814,2,0,7,35,900,2,8,32
1831,33,3001,2723,10,4,13,596,1007,4,4,8
1833,12,3405,2506,2,3,2,495,809,2,5,26
1834,6,2755,589,2,0,7,6,949,2,9,1
1837,5,2307,92,3,0,7,338,1287,1,14,0
1840,6,2701,40,0,0,7,178,67,3,13,1
1841,7,3357,1461,4,0,4,1014,1029,2,4,21
1846,5,2686,1116,1,0,7,289,1155,1,9,1
1847,8,3492,252,5,0,3,470,280,1,9,1
1848,7,2725,235,0,1,7,890,1338,0,9,1
1849,6,3735,633,1,0,7,67,1094,2,5,0
1850,14,3713,1319,1,0,9,852,1135,4,9,1
1851,6,3273,26,0,0,7,807,534,3,10,8
1852,6,3247,435,1,0,7,211,906,1,8,0
1853,8,2779,560,2,0,2,490,1381,2,14,27
1855,10,2412,536,3,0,2,338,1287,3,6,1
1856,13,2740,2427,3,6,1,1157,1141,4,6,8
1859,5,4393,1454,3,0,7,1074,1236,2,9,8
1860,5,2585,379,1,0,7,447,1290,0,11,1
1861,6,3036,76,1,0,7,603,708,1,9,1
1864,7,2262,1592,1,0,7,1100,874,1,11,1
1865,8,3488,262,2,0,0,741,838,1,2,1
1867,5,3105,142,1,0,0,1295,184,2,8,1
1870,6,4227,33,1,4,0,542,1319,2,7,1
1873,5,3363,322,2,0,1,84,1352,3,9,8
1874,9,4414,206,1,0,1,666,1336,3,10,16
1876,9,4011,361,2,0,1,135,385,2,15,8
1877,5,4365,962,1,3,7,487,1304,0,8,1
1879,11,2684,1740,3,0,7,814,1354,0,8,11
1880,5,3390,850,1,0,7,597,1222,2,5,8
1886,7,3989,419,1,1,7,806,1224,1,5,16
1887,8,3198,1093,2,2,1,6,949,1,17,8
1891,6,4390,687,2,4,7,329,1119,3,8,1
1892,5,2822,79,1,0,7,1320,606,1,10,1
1893,11,2878,1736,3,0,1,1327,379,1,6,1
1895,8,2794,1838,4,1,7,28,1246,4,4,8
1897,11,2278,791,1,4,2,397,1185,2,9,22
1903,18,2481,1593,2,0,6,211,906,1,6,1
1906,6,3793,240,3,0,7,338,1287,2,14,4
1911,6,3584,493,1,0,7,1141,1051,3,7,8
1913,8,4039,2106,6,2,7,1022,1389,3,11,6
1915,5,4223,478,3,1,7,410,1292,1,11,1
1918,6,2234,467,2,1,7,1146,309,2,12,25
1920,5,3030,1737,2,6,7,134,1055,1,9,3
1922,6,2785,1599,1,0,7,229,781,2,10,1
1925,17,3486,1314,6,3,9,925,206,1,2,9
1926,6,2302,1630,2,0,7,1054,1114,1,9,1
1928,9,4027,1312,1,1,7,112,940,1,11,1
1929,6,3397,1345,1,0,7,753,935,2,7,6
1930,6,4402,2048,6,0,1,534,1270,3,3,16
1931,7,2510,51,0,3,1,638,962,2,7,1
1932,31,2520,2379,3,0,8,41,253,2,11,16
1934,5,4094,227,1,0,7,542,1319,3,3,15
1937,6,3561,399,0,3,1,637,1123,1,8,1
1938,6,3438,2039,3,2,2,84,1352,3,10,8
1940,6,4303,184,2,0,1,375,821,0,8,4
1943,6,3168,170,1,0,7,1295,184,0,4,32
1945,7,4294,746,3,3,7,356,1118,1,5,15
1946,5,3755,619,2,0,7,312,1269,4,12,30
1947,10,2320,839,8,1,7,507,1279,0,10,15
1948,7,3911,1142,1,0,7,1091,845,1,7,29
1950,6,3841,116,1,1,7,338,1287,4,5,1
1951,62,3690,2784,8,0,8,582,497,1,7,15
1954,5,4459,738,1,0,7,1295,184,3,11,4
1957,6,2810,1617,4,0,7,572,700,2,7,36
1958,6,2521,76,1,0,7,753,935,1,9,6
1960,7,3074,871,2,0,1,50,1061,3,8,1
1962,4,4019,68,3,2,7,154,1403,0,8,21
1963,5,4464,345,1,0,7,766,905,2,6,17
1964,8,4114,1386,1,3,1,1327,379,1,10,17
1966,16,2889,2283,4,0,3,741,838,4,5,15
1967,11,2833,2018,1,0,1,408,482,3,4,8
1968,7,3802,141,1,2,7,1109,1170,3,6,1
1970,6,3637,330,2,4,1,1074,1236,1,5,1
1971,7,3810,591,1,0,7,1022,1389,1,7,15
1973,5,3391,80,2,0,7,824,413,1,14,1
1977,5,2910,672,1,2,7,1185,1193,3,8,4
1978,5,3403,1061,1,0,7,1065,1069,3,9,9
1980,5,3422,358,0,2,7,711,807,1,11,26
1982,9,2735,910,4,0,1,1163,677,1,12,15
1986,7,2534,1225,1,0,0,461,1198,2,2,27
1987,5,3591,490,1,0,7,916,9,1,9,35
1989,6,2348,281,1,3,7,6,948,2,10,5
1991,5,3945,844,2,0,7,723,1312,1,10,36
1993,5,4122,1164,1,3,1,274,755,2,7,1
1994,6,2936,1118,2,0,2,1211,1299,3,8,1
1997,10,3189,1198,1,0,7,83,1202,2,5,8
1998,5,4025,214,1,0,7,805,43,1,3,1
2000,9,2956,1874,2,3,7,1142,721,2,6,3
2002,8,3826,1714,5,4,7,206,1241,4,6,18
2003,5,4053,149,1,0,7,495,810,2,8,26
2007,7,3021,2159,1,2,7,200,909,3,9,16
2009,8,3121,1201,2,0,7,1008,1392,2,8,1
2011,5,3770,105,1,1,1,917,635,1,8,6
2014,5,2408,202,8,1,1,577,814,3,8,27
2016,6,2840,492,1,0,0,973,729,2,10,8
2019,13,4221,2199,5,1,2,14,724,1,6,37
2020,7,3085,2239,3,3,7,864,289,4,10,16
2024,7,2659,185,3,0,1,890,1338,3,16,0
2025,6,4425,702,1,0,7,624,1023,2,6,1
2027,9,2595,319,1,0,7,410,1292,0,8,1
2029,19,2550,2149,2,4,6,533,1182,4,6,15
2031,9,2242,561,0,3,1,1234,1255,2,11,1
2032,6,3530,175,1,0,7,180,862,1,9,1
2034,5,3590,237,5,0,7,338,1287,1,6,4
2035,9,3280,1075,2,9,1,1026,592,2,4,8
2039,6,2555,128,1,0,7,76,928,2,9,8
2040,7,2548,215,2,0,7,0,1237,1,9,0
2041,5,2606,67,4,0,7,870,762,1,21,1
2042,7,2344,1913,2,2,2,490,1381,2,8,1
2044,5,4365,962,1,3,7,487,1304,0,8,1
2045,5,3990,100,1,0,7,1295,184,2,5,32
2047,5,4279,1059,3,0,7,310,1309,3,5,1
2048,13,3759,1572,1,0,2,283,1346,2,12,27
2052,7,2835,2284,4,0,1,410,1292,3,13,9
2053,6,2923,524,2,1,1,542,1319,2,5,1
2057,7,3298,769,5,3,7,738,521,1,9,9
2058,8,3654,126,1,4,0,168,1348,3,17,15
2059,19,4254,877,3,11,2,538,1163,2,18,4
2061,17,3305,1666,4,0,2,919,1277,1,8,1
2064,6,3326,148,2,1,7,424,1363,4,13,8
2068,10,2730,1989,2,0,2,588,1383,1,2,1
2072,8,3260,683,0,0,7,29,1256,2,6,9
2073,6,4263,955,2,2,2,450,1373,0,8,1
2074,8,3373,1128,2,0,1,919,1277,2,6,1
2075,6,2627,76,2,0,7,75,1288,0,1,1
2077,7,3222,127,1,0,7,545,602,3,12,15
2078,5,3659,2252,2,0,7,338,1287,1,10,4
2079,7,4309,1739,1,0,2,1178,1371,2,3,1
2088,10,2860,1909,3,0,2,855,1047,2,12,9
2089,5,4169,175,3,0,7,1022,1389,0,8,1
2090,7,3172,609,2,1,7,381,1259,2,13,10
2091,10,3269,2233,3,0,7,262,130,3,8,8
2093,9,4193,71,1,0,7,36,1126,3,11,11
2094,6,3748,1068,1,0,1,103,1087,1,12,1
2096,8,2775,118,1,1,2,96,1399,2,11,1
2097,5,2382,85,2,0,7,338,1287,2,2,0
2098,10,3550,1241,5,0,7,293,1361,3,11,15
2101,14,3321,968,17,1,8,490,1380,4,2,34
2106,5,3427,386,1,0,7,108,1341,1,7,1
2111,16,3813,2593,4,1,8,29,1252,1,4,1
2112,5,2601,329,1,1,7,485,118,3,8,1
2115,5,2485,1521,1,0,1,1090,618,3,14,1
2117,5,4276,893,1,2,7,1137,499,2,13,9
2120,5,3101,1932,2,0,7,496,674,3,15,16
2123,7,2310,656,0,0,7,40,1100,2,9,7
2124,5,3785,55,1,0,7,778,1316,2,7,1
2126,6,2522,969,1,0,7,934,615,3,12,1
2127,10,4260,1043,3,0,1,238,231,2,13,1
2132,41,3882,1973,19,9,14,1251,522,4,11,25
2133,5,3899,311,3,1,1,588,1383,2,2,15
2134,6,2627,76,2,0,7,75,1288,0,1,1
2136,12,2502,2344,4,0,2,918,901,2,7,26
2138,9,2566,977,7,3,3,490,1380,2,7,1
2139,5,3220,1762,1,0,7,513,1275,3,8,1
2140,64,2774,1730,2,1,9,1178,1371,2,2,1
2142,10,3344,361,2,1,2,746,527,3,2,16
2143,9,3336,1907,6,1,1,891,877,1,10,34
2144,7,2547,114,0,0,7,1112,1223,3,5,4
2145,6,3438,2039,3,2,2,84,1352,3,10,8
2149,6,4361,230,3,3,1,356,1118,1,11,1
2150,24,3362,2131,6,4,10,459,1196,3,8,27
2151,5,2347,1343,1,2,1,369,707,1,13,16
2152,5,3546,756,2,0,7,576,383,3,3,0
2156,16,3813,2593,4,1,8,29,1252,1,4,1
2157,13,3201,1270,2,1,1,533,1183,2,7,1
2158,7,3812,145,1,0,7,309,614,0,10,30
2159,7,3987,1554,0,2,7,404,772,2,1,3
2160,5,4030,381,1,0,1,1052,1234,2,10,1
2161,10,3174,131,3,0,0,590,923,1,13,1
2162,5,3888,793,3,2,7,792,574,1,3,1
2163,15,2668,2554,5,0,3,791,1041,1,9,15
2164,5,3952,873,5,0,0,289,1155,1,2,1
2168,8,2504,44,2,0,1,1196,1250,3,4,8
2173,6,3689,474,2,0,7,943,1217,1,2,15
2174,17,3876,2443,3,4,1,80,1075,1,6,1
2175,5,3051,521,4,0,7,588,1383,1,3,1
2176,10,3107,266,5,2,3,791,1041,3,4,1
2177,7,3756,717,2,0,1,5,1136,1,15,1
2179,9,3851,1058,4,18,0,1202,984,4,8,8
2182,14,3849,2517,2,0,1,588,1383,2,2,1
2185,62,3690,2784,8,0,8,582,497,1,7,15
2186,7,2625,155,2,0,1,788,1216,0,8,1
2187,7,3065,815,2,0,1,317,388,1,3,1
2191,5,2347,1343,1,2,1,369,707,1,13,16
2192,6,2457,292,2,0,7,53,894,3,10,1
2193,7,3172,609,2,1,7,381,1259,2,13,10
2194,13,4038,2243,2,0,2,588,1383,0,2,1
2196,9,3560,1749,3,0,1,374,327,3,12,15
2198,6,3028,312,2,0,7,180,862,3,11,1
2200,7,2830,1212,3,2,7,76,928,1,6,6
2202,5,2312,483,2,5,1,283,1349,1,12,18
2203,8,2997,477,3,5,1,467,1088,2,11,15
2208,5,2743,208,1,0,7,849,608,0,3,1
2211,5,4012,456,1,0,7,520,551,4,5,30
2212,12,2922,1366,7,2,13,1022,1389,4,10,4
2214,8,3157,1475,2,0,2,788,1216,3,5,8
2215,15,2909,2053,2,0,4,748,1115,3,7,8
2216,7,3807,318,1,3,7,852,1135,2,13,11
2217,7,3890,113,4,0,7,765,59,1,12,1
2221,5,3666,1508,2,0,7,1065,1069,1,6,1
2222,7,4418,1194,1,0,1,1057,1134,3,5,1
2224,6,3772,563,1,0,1,367,1267,2,9,17
2228,5,3543,1427,2,0,7,355,1245,4,7,15
2229,9,4356,886,1,2,7,1238,1303,3,9,34
2231,42,2880,2686,4,3,26,1264,799,2,6,1
2238,11,4380,2179,1,0,7,723,1312,1,10,8
2240,7,3345,2322,0,2,7,80,1073,0,3,1
2243,9,4346,1115,1,0,7,783,1285,3,7,15
2244,5,2607,1906,3,0,7,66,1293,4,7,8
2246,6,3153,878,1,0,7,80,1073,1,5,6
2247,5,3123,72,2,2,7,1074,1236,2,9,0
2248,5,2439,188,1,1,7,805,43,2,4,0
2249,13,2851,2023,2,0,1,1323,95,4,13,15
2251,17,2379,2717,9,3,5,410,1292,1,6,16
2252,4,2361,1032,3,1,7,870,762,2,10,1
2253,8,3208,1381,3,0,7,1023,760,4,7,15
2254,6,2893,111,1,0,7,353,680,2,4,34
2259,6,3655,450,1,0,7,174,834,0,11,30
2261,7,3065,815,2,0,1,317,388,1,3,1
2262,5,4279,1059,3,0,7,310,1309,3,5,1
2263,10,2288,1679,3,0,3,352,652,0,8,1
2264,6,2990,685,3,2,7,43,1313,1,1,1
2265,11,2769,2370,4,0,4,1314,73,1,6,4
2266,5,2771,207,1,1,7,1333,178,1,9,1
2267,7,3811,355,3,0,1,317,388,0,10,1
2268,8,3938,1588,0,3,7,171,466,3,8,0
2272,6,3982,765,1,0,1,530,580,2,6,1
2273,8,2955,1513,2,2,1,837,1064,1,10,1
2275,7,3811,355,3,0,1,317,388,0,10,1
2278,12,3745,1804,1,3,7,1200,1132,3,5,27
2279,6,2407,1999,1,0,0,33,985,0,7,1
2281,6,2940,957,3,0,7,1035,1260,2,7,15
2284,9,3930,1082,6,0,3,1258,588,2,5,0
2285,5,2686,1116,1,0,7,289,1155,1,9,1
2286,6,3575,1469,3,0,1,292,858,4,3,30
2295,5,3651,223,2,0,7,1020,323,1,11,30
2304,5,3225,226,1,0,7,1132,1039,1,11,1
2305,5,3407,407,1,0,1,367,1267,2,5,17
2307,6,4176,191,1,0,7,166,1040,4,12,17
2310,13,3935,1756,2,1,4,540,237,4,8,8
2312,6,3060,1210,1,0,7,194,299,2,19,1
2316,5,3843,489,1,1,1,1021,557,3,10,10
2317,8,3568,2271,3,1,1,271,529,1,6,1
2318,16,2895,2177,7,1,4,473,725,0,7,1
2319,7,3642,854,1,0,7,1188,645,4,8,36
2320,7,2928,192,1,5,7,788,1216,3,6,0
2321,8,2612,770,2,0,0,490,1380,4,10,27
2325,6,3691,1342,2,0,7,481,1166,1,3,26
2327,11,2855,2401,5,3,4,879,692,4,4,1
2329,6,3841,116,1,1,7,338,1287,4,5,1
2331,6,3017,872,2,0,1,1085,954,3,7,7
2332,8,3170,2010,3,0,2,523,942,2,10,15
2333,5,3109,974,2,0,7,861,293,2,5,4
2335,6,2495,162,2,0,7,50,1071,1,11,1
2336,24,2854,1540,1,0,4,289,1155,0,5,1
2338,6,3194,1246,2,0,7,487,1304,1,7,35
2341,16,2308,2166,2,0,8,1022,1389,2,10,1
2342,16,2661,1887,6,2,4,1,1012,1,10,1
2345,5,3249,600,1,0,7,271,529,3,4,1
2346,8,2991,498,2,0,7,590,923,4,8,7
2347,9,3984,216,2,1,2,136,1016,3,13,1
2348,7,4294,746,3,3,7,356,1118,1,5,15
2350,6,3529,134,7,4,7,1211,1299,3,9,36
2351,8,2907,104,2,1,0,1245,996,0,7,8
2353,7,2616,1547,2,0,1,635,338,3,16,15
2354,47,2717,2622,2,1,16,166,1040,0,12,1
2355,14,2580,1830,1,0,2,944,558,1,12,1
2356,8,2861,552,0,2,7,1157,1141,2,8,8
2358,6,2908,269,1,1,7,664,158,1,13,1
2362,6,3442,42,1,0,1,112,940,3,14,0
2363,6,3296,18,0,0,7,854,1004,1,21,1
2364,6,2381,1894,3,0,7,870,762,0,12,1
2365,5,3363,322,2,0,1,84,1352,3,9,8
2366,11,4231,1179,4,0,2,1245,996,1,5,1
2367,13,2341,2484,3,1,4,588,1383,3,2,15
2369,6,2675,1507,3,0,7,1055,128,2,8,35
2375,5,4083,145,1,0,7,814,1354,0,5,26
2376,6,2291,764,1,0,7,450,1373,2,7,4
2377,7,3756,717,2,0,1,5,1136,1,15,1
2379,7,4358,277,0,0,7,950,767,2,8,1
2382,7,4374,1202,7,0,7,490,1380,4,10,34
2386,6,2795,624,1,1,7,338,1287,2,6,0
2387,8,4112,175,0,1,1,718,411,3,5,15
2388,6,3699,1076,2,0,7,778,1316,3,8,1
2389,8,3315,1220,1,0,7,974,402,3,5,4
2394,5,3407,407,1,0,1,367,1267,2,5,17
2395,9,4202,773,2,1,0,67,1094,2,7,18
2400,6,4342,1455,2,2,7,580,1244,2,4,37
2402,5,3588,617,1,0,7,1290,542,0,5,4
2403,5,2449,2056,1,0,7,1059,742,4,5,26
2405,16,4189,1841,1,3,7,637,1123,2,16,21
2408,6,3025,889,1,0,7,1283,195,1,8,1
2409,7,2642,1667,2,0,1,297,1079,3,8,4
2410,6,4244,1014,2,4,7,1085,956,4,6,9
2412,8,4388,1077,1,2,1,588,1383,2,4,17
2413,6,2377,1287,1,0,7,1022,1390,3,3,16
2414,58,2434,2775,1,6,35,284,1192,2,6,1
2416,7,3294,664,4,0,1,687,993,4,8,1
2419,6,2538,483,2,0,1,29,1252,2,12,1
2420,7,4385,1103,2,0,7,196,957,1,6,1
2422,6,4059,418,5,1,2,1065,1069,2,2,1
2423,5,4269,1196,2,0,7,212,375,2,11,1
2426,5,2239,1038,3,0,7,858,804,2,7,15
2427,10,3611,2003,2,3,1,222,292,0,10,1
2428,6,3232,462,1,0,7,65,890,3,8,0
2430,9,4363,1242,2,0,7,494,824,2,10,1
2436,6,3293,317,2,0,7,1221,452,1,5,34
2439,7,3630,365,1,0,7,205,1211,3,11,1
2440,21,2386,2638,11,0,6,893,1098,3,7,8
2443,7,3602,114,2,0,7,1074,1236,1,5,8
2445,9,4218,150,1,4,7,1065,1072,3,8,9
2447,17,3058,665,1,0,7,192,852,2,9,1
2450,5,2266,239,1,7,7,32,1379,3,5,0
2454,5,2513,492,1,0,7,1069,693,0,15,1
2455,5,2427,246,2,1,7,1309,26,2,6,1
2456,5,4323,1425,2,0,7,22,1082,3,11,4
2458,5,4048,1765,2,0,0,65,888,2,11,8
2462,5,2585,379,1,0,7,447,1290,0,11,1
2463,7,3834,501,1,0,7,686,1102,1,11,3
2465,6,3257,764,3,0,1,1085,954,4,9,0
2467,7,3926,503,2,5,7,494,824,2,7,27
2468,5,4321,83,1,0,7,1266,897,4,12,8
2469,7,2339,1157,2,0,7,352,652,1,14,1
2470,7,2983,1604,2,1,7,788,1216,4,6,0
2472,17,3894,1292,5,0,2,940,1384,2,10,1
2474,9,4457,969,3,0,7,467,1086,0,9,1
2475,7,4278,615,2,0,1,560,374,3,9,6
2476,7,2563,3,0,0,1,832,351,2,14,16
2477,7,3967,1268,2,0,7,343,303,2,3,16
2478,6,2679,1476,4,1,1,1289,1092,4,9,1
2480,5,3996,486,1,0,7,950,767,2,15,1
2482,46,3980,2700,6,0,29,1065,1069,2,3,9
2488,5,3897,2595,2,3,1,1261,136,0,7,1
2491,6,4197,1257,1,3,7,793,990,1,2,1
2493,35,4233,2637,7,5,8,885,1238,3,12,8
2494,6,2838,2308,3,6,7,64,232,1,9,1
2495,6,3014,1471,2,3,7,1065,1069,4,3,9
2496,8,3640,1723,1,0,7,415,585,2,9,1
2502,5,3659,2252,2,0,7,338,1287,1,10,4
2505,6,2552,379,1,0,7,450,1373,1,8,5
2506,6,2555,128,1,0,7,76,928,2,9,8
2507,10,3092,917,1,5,2,1178,1371,3,4,1
2510,6,2336,1354,1,0,1,358,1052,4,9,8
2513,51,2691,2719,3,0,10,505,1109,1,9,37
2514,20,3468,2256,3,3,5,788,1216,4,6,0
2520,8,2886,597,2,1,1,1185,1193,3,8,16
2521,7,2823,124,3,1,7,553,1046,1,7,26
2522,9,2592,2346,7,2,7,367,1267,0,13,6
2523,6,2501,259,3,0,3,1270,278,0,2,1
2527,5,3578,289,1,2,7,723,1312,2,2,8
2530,9,3111,449,2,5,1,1098,604,2,12,27
2531,9,2560,226,2,0,7,428,1278,2,4,9
2532,10,4086,748,1,5,7,670,1096,3,9,8
2534,16,3404,2421,2,0,3,546,150,1,3,8
2535,12,4133,1654,2,0,1,490,1381,2,8,34
2536,7,4081,151,2,0,7,420,754,2,11,29
2538,7,2219,251,1,0,7,945,1001,3,9,8
2539,11,3082,1004,4,1,2,450,1373,0,8,1
2540,5,2509,629,1,0,7,956,968,1,12,1
2543,5,2790,462,1,0,7,507,1279,1,7,26
2545,7,2411,1438,2,0,3,380,168,1,8,1
2546,12,3040,237,3,6,7,1199,907,2,2,8
2548,6,4059,418,5,1,2,1065,1069,2,2,1
2550,5,3991,1438,7,3,7,338,1287,2,6,9
2557,5,4206,261,1,3,1,341,727,2,5,32
2562,14,4389,2621,3,2,4,487,1304,1,11,17
2565,10,3464,739,1,0,2,160,688,4,6,1
2567,11,4129,1712,1,2,4,513,1274,3,9,8
2568,5,4139,1837,2,1,7,369,707,4,8,15
2569,6,4438,110,2,0,7,693,1377,2,2,1
2573,10,3550,1241,5,0,7,293,1361,3,11,15
2576,86,2690,2773,9,0,28,520,548,3,6,29
2577,5,2239,1038,3,0,7,858,804,2,7,15
2578,7,3167,1457,6,0,1,447,1290,4,9,1
2581,16,2837,2432,4,2,3,96,1399,4,9,0
2582,5,3341,90,1,1,7,1185,1193,2,1,0
2584,6,3152,138,3,0,7,338,1287,1,3,8
2586,6,3014,1471,2,3,7,1065,1069,4,3,9
2587,5,3777,39,1,0,7,211,906,3,8,0
2589,10,3181,1867,2,0,2,272,541,1,3,1
2590,5,3832,288,1,0,1,8,1053,1,10,1
2591,5,3097,786,2,0,7,77,832,2,4,1
2592,81,3454,2702,13,1,26,355,1245,3,13,15
2593,10,3429,1057,1,3,2,924,1376,2,6,0
2595,13,3479,1334,3,0,7,112,940,1,15,1
2597,5,3053,289,1,1,7,91,528,1,7,1
2598,7,2875,201,1,1,2,1035,1260,2,10,1
2601,6,3494,1431,2,0,7,75,1288,3,2,0
2604,9,4105,1620,3,1,7,890,1338,2,9,8
2605,6,4331,383,0,0,7,14,724,4,5,26
2610,7,2873,280,3,3,7,157,878,2,4,9
2611,6,2600,721,1,0,1,321,955,2,7,13
2616,8,2667,1550,2,0,2,789,263,2,5,12
2617,6,3307,304,1,2,7,38,370,1,5,0
2618,8,3004,1848,1,0,7,452,648,3,22,15
2620,86,2690,2773,9,0,28,520,548,3,6,29
2621,5,2946,847,1,0,7,970,366,2,24,32
2624,10,4235,1402,3,1,8,911,420,4,6,8
2629,9,4283,291,3,2,2,806,1224,2,4,26
2630,3,3473,1226,5,3,1,450,1373,2,6,0
2631,9,4362,2448,2,1,3,487,1304,1,6,1
2634,8,4272,239,2,3,1,689,533,1,3,8
2638,10,2471,437,2,0,1,312,1269,1,10,30
2639,7,3079,228,1,2,1,954,473,1,13,0
2640,59,2564,2753,7,0,14,362,1117,0,5,27
2644,7,4382,1111,1,0,1,1140,426,2,3,8
2646,53,3352,2712,7,5,13,791,1041,4,13,1
2648,6,3806,1394,1,1,1,806,1224,2,5,16
2649,6,2552,379,1,0,7,450,1373,1,8,5
2650,5,2877,57,1,1,7,1295,184,2,9,1
2653,23,3871,2256,1,1,1,1065,1069,3,5,9
2654,8,3856,646,3,1,1,585,1320,2,10,0
2657,8,3658,1734,2,2,7,669,865,2,9,1
2658,9,3238,1477,2,0,1,999,208,2,2,3
2659,8,3683,915,2,0,7,1223,1258,2,12,1
2661,6,3031,1267,3,1,1,170,183,4,8,30
2662,6,2290,405,3,0,7,569,918,2,7,4
2666,9,3330,632,2,2,1,1185,1193,2,5,8
2668,7,3880,553,1,0,7,588,1383,2,3,1
2672,8,2794,1838,4,1,7,28,1246,4,4,8
2676,6,2656,1219,5,0,7,149,1015,1,5,17
2679,7,3179,1056,1,0,4,80,1075,3,6,6
2680,6,2729,83,2,1,7,338,1287,2,4,1
2683,5,2378,306,1,0,7,815,285,2,8,16
2686,14,3830,2028,4,0,7,871,915,2,13,1
2687,16,3227,2054,6,4,6,410,1292,1,9,9
2688,5,2788,1818,2,2,7,314,461,0,6,1
2693,5,2184,90,1,0,7,807,534,0,6,1
2694,8,2710,901,0,4,7,114,1212,1,8,1
2696,5,2626,1113,3,0,7,1322,1220,1,9,15
2698,15,2759,1716,1,3,1,1003,1133,2,11,7
2699,15,2582,2196,2,0,2,1143,666,4,4,15
2700,13,4238,2468,4,4,6,1065,1069,4,4,9
2703,5,3000,163,1,1,7,401,750,1,12,16
2704,5,4449,935,1,3,7,133,1013,2,8,36
2706,9,4354,366,2,0,7,1204,783,4,12,16
2707,5,3641,582,1,0,7,667,758,2,6,1
2710,6,3152,138,3,0,7,338,1287,1,3,8
2713,5,3786,175,1,0,7,1122,893,2,5,1
2715,6,3329,132,0,0,7,44,1391,0,11,1
2718,6,3050,782,3,1,7,874,884,2,9,26
2719,9,2826,1844,1,0,2,1175,1294,1,9,27
2720,6,2845,1962,1,0,1,1323,95,4,12,15
2722,10,3983,1925,1,2,2,612,892,2,9,1
2723,9,4394,274,2,0,7,1022,1389,3,5,1
2725,6,2814,209,1,3,1,187,1249,1,9,4
2726,8,2611,2251,1,1,2,563,743,1,7,16
2727,13,3211,2710,10,5,3,878,656,1,9,13
2729,11,3943,456,1,2,3,38,372,0,5,1
2732,7,3423,422,1,2,7,80,1073,2,7,4
2733,12,3409,2688,7,0,1,538,1161,1,12,4
2735,5,2499,2217,2,0,7,450,1373,3,9,33
2737,6,2761,173,1,0,7,250,489,3,4,17
2738,6,4391,175,1,0,7,455,83,1,13,1
2742,5,3396,512,2,0,7,221,1351,2,4,31
2743,6,2695,996,1,1,1,312,1269,4,9,30
2744,8,2272,553,4,0,1,97,1077,2,10,1
2746,5,2900,57,1,1,7,338,1287,1,13,16
2747,5,2671,21,1,0,7,828,181,2,22,15
2749,8,4399,1086,1,0,1,1128,1364,2,8,1
2750,6,3160,50,0,0,7,709,132,1,14,14
2751,7,2446,616,1,4,1,312,1272,3,7,13
2752,5,2944,735,2,0,7,26,417,1,16,16
2753,10,3264,1886,3,0,7,424,1363,1,8,1
2755,7,3285,2352,4,2,7,872,1253,2,4,1
2756,5,2598,43,3,0,7,1169,1404,3,8,23
2757,5,3034,508,1,2,7,1076,32,1,7,0
2759,9,3457,336,1,0,1,91,528,2,12,1
2762,7,2360,620,0,0,2,962,808,2,14,1
2763,42,3624,2560,3,0,10,629,764,1,6,1
2765,6,3544,57,2,3,1,356,1118,3,10,33
2766,8,3985,156,2,0,2,806,1224,2,5,1
2767,9,3723,2312,4,1,1,1314,73,4,9,8
2768,6,3476,981,1,0,7,387,387,4,9,1
2769,20,4072,2592,1,1,3,423,1375,3,14,27
2772,8,2815,1840,4,2,5,220,736,1,10,26
2773,7,3368,336,5,3,1,597,1222,0,6,1
2774,6,2384,115,2,0,7,6,948,3,5,4
2776,7,2224,272,3,1,7,1344,34,1,3,1
2777,8,2274,921,2,0,7,76,928,2,7,15
2779,6,2417,170,1,2,1,1196,1250,2,5,8
2782,23,2986,2494,5,0,9,546,150,2,4,1
2784,6,2196,253,2,1,7,1235,167,3,3,16
2786,5,2551,92,2,1,7,338,1287,1,5,21
2787,5,2651,1274,1,0,7,163,448,4,11,1
2790,8,2413,918,5,1,2,76,928,2,6,1
2792,6,4293,424,1,0,7,18,709,1,6,8
2793,5,2766,57,1,1,7,335,398,0,9,1
2796,14,4049,2479,5,0,6,1057,1134,2,2,1
2797,6,4251,424,0,0,1,610,904,3,4,4
2800,7,4467,211,0,1,7,1245,996,0,5,30
2801,8,3084,1471,1,0,2,577,814,2,6,27
2802,13,4132,1371,1,5,1,212,375,3,10,0
2804,13,3701,2434,3,0,3,1044,294,3,10,9
2805,5,2305,85,1,1,7,579,200,1,3,22
2806,6,4328,1218,3,1,7,67,1094,3,8,8
2808,5,3089,467,4,0,7,461,1198,2,5,1
2810,6,2364,1052,3,0,1,1266,897,3,11,1
2812,6,3234,2016,1,0,7,247,898,3,7,15
2813,5,2644,1125,5,1,7,870,762,2,9,1
2814,9,2511,442,3,0,2,1178,1371,4,3,1
2816,10,2962,2127,10,2,2,355,1245,3,4,15
2817,45,2608,2639,4,0,14,645,991,2,7,29
2820,5,4026,1616,2,0,7,0,1237,1,8,8
2822,16,3163,1627,3,1,6,466,166,1,6,1
2823,29,3351,2508,6,0,13,448,1337,3,12,1
2825,14,2334,2228,8,1,2,528,152,3,8,1
2828,7,2792,1855,3,0,1,1290,542,1,15,8
2829,28,3953,2707,3,1,13,1313,1335,2,5,4
2831,7,2255,834,1,0,1,1083,843,1,7,1
2832,5,3695,149,1,0,7,355,1245,3,7,15
2833,5,4261,659,2,4,7,956,968,4,7,8
2834,11,3622,1642,3,0,7,588,1383,1,2,1
2837,5,3743,48,1,0,7,514,40,2,15,1
2838,8,3373,1128,2,0,1,919,1277,2,6,1
2840,6,2865,876,3,0,1,1016,281,2,4,1
2841,5,3308,429,2,0,1,1074,1236,2,5,8
2843,6,2892,158,1,0,7,341,727,3,4,4
2847,6,2810,1617,4,0,7,572,700,2,7,36
2848,5,2709,575,2,0,1,115,1282,1,5,6
2849,7,2393,804,1,0,7,648,643,1,6,8
2850,15,2688,1726,3,1,6,1328,55,3,3,9
2852,21,3673,2581,3,0,3,755,1018,1,5,1
2853,5,2419,207,2,1,7,772,691,1,11,6
2854,15,4409,2173,1,1,1,251,1233,2,9,1
2855,5,2819,1201,2,2,7,1022,1389,2,11,1
2858,25,2652,2337,3,0,8,1011,204,2,7,8
2859,19,2532,2536,3,1,1,907,1022,2,12,1
2865,9,3056,1332,1,0,1,424,1363,1,16,1
2866,5,3426,23,2,0,7,759,291,0,13,30
2867,5,4102,385,1,0,7,1081,308,3,7,1
2870,5,3666,1508,2,0,7,1065,1069,1,6,1
2872,6,3290,1071,2,0,7,283,1346,3,10,18
2873,80,2789,2547,24,5,27,342,882,1,7,1
2874,5,4468,880,4,0,7,788,1216,2,9,1
2875,6,4076,168,1,1,7,1301,607,1,14,16
2878,9,2921,721,1,0,2,312,1269,3,8,1
2882,5,4022,336,3,1,7,1022,1389,0,13,27
2884,12,3719,1128,2,0,2,368,468,3,10,1
2886,8,2221,26,1,3,1,945,1001,1,1,0
2888,16,3404,2421,2,0,3,546,150,1,3,8
2889,7,2338,790,1,0,1,309,614,2,9,30
2890,5,3931,534,1,2,7,886,662,2,11,1
2892,13,3950,1792,4,2,4,588,1383,2,1,1
2894,6,3528,358,2,3,7,898,4,3,8,1
2895,8,3706,1200,3,0,7,978,80,3,7,0
2897,6,2316,1400,2,1,7,115,1282,4,4,0
2898,10,2730,1989,2,0,2,588,1383,1,2,1
2899,5,2876,89,1,0,7,1295,184,2,10,1
2901,10,2370,2207,0,0,0,44,1391,2,7,9
2907,5,2806,126,1,0,7,381,1259,3,13,10
2908,5,3705,892,1,0,7,666,1336,3,12,6
2909,10,2288,1679,3,0,3,352,652,0,8,1
2911,77,3289,2802,18,0,32,552,670,3,11,16
2913,8,2973,1397,1,0,7,1196,1250,4,3,8
2914,7,3272,809,2,6,7,1211,1299,1,6,13
2916,11,4129,1712,1,2,4,513,1274,3,9,8
2920,37,2535,2738,7,3,8,585,1320,3,11,8
2921,5,3052,1313,5,9,7,890,1338,3,7,0
2924,6,3574,635,4,0,7,1290,542,0,12,1
2925,6,3570,242,1,0,1,711,807,0,13,1
2926,6,2290,405,3,0,7,569,918,2,7,4
2927,5,2728,1249,2,0,7,22,1082,2,8,1
2930,8,3301,742,1,2,0,1313,1335,1,4,6
2933,16,3236,1762,1,1,2,240,197,4,8,8
2934,5,2766,57,1,1,7,335,398,0,9,1
2936,7,3456,1278,1,2,1,315,1356,2,7,1
2938,6,3197,191,0,4,7,271,529,2,6,1
2941,7,3096,2037,1,1,1,761,191,0,6,1
2943,7,2425,2374,3,0,7,588,1383,2,4,15
2944,11,3445,1902,3,0,1,244,1365,3,6,4
2946,7,3368,336,5,3,1,597,1222,0,6,1
2950,6,3577,238,2,0,2,1236,175,4,6,8
2953,6,2729,83,2,1,7,338,1287,2,4,1
2955,11,3762,1064,2,0,2,513,1275,2,10,8
2956,7,4199,376,0,0,7,381,1264,2,17,10
2957,6,3678,1757,4,0,1,588,1383,1,2,1
2960,7,4188,477,1,0,7,413,111,0,4,1
2961,6,3827,239,2,0,7,1158,1104,1,8,6
2964,6,3312,61,1,2,0,1225,1116,4,9,1
2967,6,2489,210,2,0,7,1289,1092,3,6,8
2972,9,4253,1359,4,0,7,730,1191,2,2,9
2974,8,4265,300,1,0,7,784,431,3,7,1
2975,8,2867,1418,2,0,1,1202,984,4,8,1
2976,6,3223,52,1,0,0,1099,839,0,5,3
2977,6,3521,475,1,0,7,48,1190,1,4,2
2978,5,2385,233,1,0,7,18,709,0,5,1
2983,6,2487,709,1,0,7,345,550,2,12,34
2984,9,2645,2381,4,0,7,80,1073,1,8,17
2985,9,3151,2048,1,1,1,597,1222,3,9,8
2988,8,2335,473,1,1,1,1295,184,2,6,32
2989,21,3992,2611,10,1,3,1335,713,1,7,4
2995,9,4281,824,4,0,1,484,63,3,9,1
3003,6,3837,508,0,4,7,1067,994,3,10,1
3004,8,2664,2001,1,0,1,28,1248,3,12,0
3005,7,2527,356,3,0,7,839,1382,3,10,26
3007,5,3794,830,2,4,7,62,328,0,10,1
3008,42,4113,2679,5,5,15,32,1378,4,5,8
3009,5,3909,109,1,0,7,1168,715,2,11,1
3010,9,2486,318,0,0,7,1032,424,1,2,1
3011,7,4332,621,2,0,7,28,1248,4,12,1
3012,13,2851,2023,2,0,1,1323,95,4,13,15
3013,17,2570,2413,5,3,4,366,827,3,9,8
3017,5,2754,523,1,0,7,263,261,4,17,26
3018,6,2874,201,1,0,7,572,700,0,7,1
3019,5,2503,426,1,0,7,444,456,2,6,22
3021,5,3268,449,1,0,7,685,971,1,7,1
3024,14,2443,2183,2,3,5,23,1108,2,8,14
3025,8,2383,158,0,0,0,358,1052,2,12,34
3026,5,3471,277,5,0,1,1326,626,1,16,0
3030,6,4228,728,2,0,7,163,448,0,4,1
3031,7,4404,1171,2,0,7,1161,410,1,2,27
3032,8,3394,1142,2,1,1,650,172,1,12,11
3036,12,2922,1366,7,2,13,1022,1389,4,10,4
3040,7,3265,845,1,0,7,147,26,2,11,1
3042,5,4166,724,1,0,7,683,514,2,13,30
3044,12,3525,2481,4,2,0,891,877,3,5,17
3045,6,3226,1896,2,0,2,6,949,2,10,8
3046,5,4257,1758,1,7,7,92,1199,2,6,9
3047,5,3964,690,1,1,7,381,1259,3,14,1
3048,7,2321,257,1,0,7,1074,1236,1,12,8
3050,10,3116,439,3,2,2,723,1312,2,7,1
3051,5,4285,107,1,0,7,697,1181,2,10,14
3053,15,4403,2444,3,1,2,563,743,1,6,17
3054,83,4246,2794,8,6,36,498,1147,2,7,27
3055,13,2410,2262,1,0,2,588,1383,2,3,16
3056,5,3988,105,0,2,7,610,904,4,12,4
3057,20,3467,2077,3,4,3,434,1276,0,12,21
3059,28,3953,2707,3,1,13,1313,1335,2,5,4
3062,6,3965,806,2,0,7,315,1356,1,7,1
3063,4,2772,547,1,3,7,39,974,2,9,21
3064,5,3682,139,1,2,7,956,968,1,8,22
3065,16,2809,2705,7,0,4,80,1073,0,1,6
3068,10,2519,2354,5,1,2,80,1073,0,6,6
3071,5,3955,679,1,5,7,1332,934,4,7,11
3077,5,2506,194,1,0,7,29,1256,2,8,27
3078,6,3738,677,2,1,7,309,614,1,10,16
3080,7,3812,145,1,0,7,309,614,0,10,30
3083,5,2694,1300,3,0,7,1009,694,1,19,17
3084,7,4335,441,2,2,7,312,1269,3,9,16
3085,5,2305,85,1,1,7,579,200,1,3,22
3086,5,3277,795,2,0,7,616,746,3,3,35
3088,7,4033,323,1,3,7,427,139,3,8,8
3089,5,3559,156,1,0,7,490,1380,1,7,27
3091,9,3555,1992,2,0,3,404,772,2,9,1
3092,22,3545,2546,2,3,1,490,1380,3,9,34
3094,7,3549,322,4,0,1,1074,1236,1,5,0
3095,10,4171,648,5,7,0,534,1273,4,7,9
3099,9,2409,2335,7,1,2,28,1246,4,10,0
3101,10,3728,2226,1,0,7,67,1094,1,6,3
3103,8,4368,984,1,0,1,526,490,3,8,13
3109,6,3788,141,2,0,7,1098,604,0,9,1
3112,9,3804,1066,2,4,7,180,862,4,12,1
3115,8,3585,1984,6,0,7,32,1379,2,12,8
3116,6,3901,415,1,0,7,1264,799,1,3,1
3119,18,3098,2540,6,7,2,28,1246,3,8,1
3120,5,2204,230,1,2,7,619,1144,1,6,1
3122,10,4155,1301,3,0,7,46,1200,1,3,29
3123,7,2798,38,2,0,7,658,553,2,8,1
3125,8,2518,1684,2,0,3,1342,752,2,10,15
3127,5,3927,1303,2,2,7,1233,119,0,6,1
3128,7,3679,138,3,0,0,438,272,2,10,4
3134,6,3483,502,1,5,7,773,716,2,7,16
3136,6,3612,278,0,1,7,652,963,2,10,1
3137,23,3871,2256,1,1,1,1065,1069,3,5,9
3141,11,2295,302,2,2,1,472,819,2,3,1
3143,13,4238,2468,4,4,6,1065,1069,4,4,9
3147,7,2549,1971,6,0,1,80,1073,1,5,8
3148,11,2855,2401,5,3,4,879,692,4,4,1
3151,10,2641,1651,1,0,3,1323,95,4,13,15
3152,17,2820,2522,3,1,5,860,912,2,8,1
3153,7,3074,871,2,0,1,50,1061,3,8,1
3155,15,3589,1459,4,5,2,313,545,4,4,27
3156,7,2753,1601,3,2,7,1321,1178,2,8,0
3158,6,3251,11,0,1,1,1202,984,2,12,1
3161,6,2868,1010,1,2,7,115,1282,3,4,8
3162,5,3137,96,3,0,7,1074,1236,1,14,8
3164,52,3274,2630,3,6,11,154,1403,2,5,1
3166,5,4405,1570,1,1,7,805,43,2,4,1
3170,8,3940,1308,3,0,7,1080,660,4,4,8
3174,6,2858,623,1,0,7,27,202,3,8,0
3175,6,2994,970,1,0,1,386,483,4,5,32
3178,8,3653,682,4,0,7,28,1248,2,6,0
3179,6,3968,1635,3,3,7,70,920,3,4,16
3180,9,3385,2369,3,0,3,80,1073,0,9,1
3188,5,2876,89,1,0,7,1295,184,2,10,1
3190,7,2593,48,2,0,7,6,949,1,5,8
3193,9,2618,2553,3,3,1,960,1289,2,8,34
3194,5,3546,756,2,0,7,576,383,3,3,0
3201,5,3751,307,1,2,7,876,1143,4,7,8
3202,23,2986,2494,5,0,9,546,150,2,4,1
3203,27,3439,2680,7,0,14,1019,1207,0,11,1
3204,5,3743,48,1,0,7,514,40,2,15,1
3205,6,2776,307,0,5,7,1178,1371,1,4,1
3209,5,3922,175,1,0,1,1295,184,2,10,32
3211,5,2307,92,3,0,7,338,1287,1,14,0
3214,7,3130,1230,1,0,2,125,756,4,9,34
3215,7,3838,1692,1,0,1,920,552,4,4,15
3217,5,3588,617,1,0,7,1290,542,0,5,4
3218,61,3013,2756,6,2,21,9,492,4,4,8
3219,5,3124,988,1,0,1,32,1379,2,7,0
3220,8,2257,1302,1,0,7,76,928,2,10,1
3221,13,3935,1756,2,1,4,540,237,4,8,8
3223,5,3070,2155,3,1,7,80,1075,1,6,1
3224,6,3153,878,1,0,7,80,1073,1,5,6
3228,5,2387,352,3,0,7,872,1253,0,10,1
3230,5,3185,677,1,0,7,467,1086,3,14,15
3232,5,2682,752,1,1,7,970,366,3,22,32
3234,8,4184,890,3,3,7,752,811,1,16,1
3236,6,3370,1131,2,1,7,50,1061,2,9,27
3238,6,3738,677,2,1,7,309,614,1,10,16
3239,7,3602,114,2,0,7,1074,1236,1,5,8
3242,7,4247,2527,2,0,1,18,709,2,3,1
3243,6,2538,483,2,0,1,29,1252,2,12,1
3244,8,2611,2251,1,1,2,563,743,1,7,16
3246,8,2881,1032,1,0,1,28,1246,3,12,0
3247,5,3263,457,3,4,0,1295,184,2,5,32
3249,6,4369,738,0,4,7,950,767,4,8,8
3251,5,3424,373,1,0,7,1202,984,3,4,8
3252,9,3253,1319,2,3,2,507,1279,1,7,15
3253,13,3041,1817,3,0,2,381,1264,2,16,10
3254,5,3005,998,3,0,1,814,1354,0,11,30
3255,5,2482,356,3,0,7,104,1060,2,14,16
3260,7,2332,2104,1,0,1,125,756,1,8,1
3262,6,2979,171,2,1,7,971,1305,0,8,1
3263,5,2431,1331,2,0,7,350,18,1,13,1
3268,5,3832,288,1,0,1,8,1053,1,10,1
3270,11,4422,783,3,1,2,528,152,2,5,1
3272,8,3971,1668,1,1,7,667,758,1,12,1
3273,12,3131,1954,2,4,2,67,1094,1,7,8
3274,6,4077,101,1,0,7,456,94,1,12,4
3276,10,4035,520,2,1,3,434,1276,3,9,1
3277,27,2985,2609,6,1,8,312,1269,2,11,1
3279,5,3829,207,1,2,7,76,928,1,10,8
3280,11,4015,613,4,2,7,1208,1174,1,2,8
3284,6,3050,782,3,1,7,874,884,2,9,26
3288,8,3121,1201,2,0,7,1008,1392,2,8,1
3290,5,3964,690,1,1,7,381,1259,3,14,1
3291,6,3278,129,0,2,7,200,909,4,7,14
3292,5,4021,115,1,0,7,780,251,2,2,1
3293,8,4114,1386,1,3,1,1327,379,1,10,17
3295,5,2816,550,4,3,7,632,1231,0,11,16
3298,5,3647,294,1,0,7,666,1336,2,14,1
3299,6,3554,2007,2,2,1,670,1096,2,9,8
3301,17,3305,1666,4,0,2,919,1277,1,8,1
3303,6,2269,891,2,1,1,610,904,4,6,4
3305,6,3453,489,1,0,7,1087,52,2,8,1
3306,4,2361,1032,3,1,7,870,762,2,10,1
3310,17,2718,2692,3,3,3,163,448,2,13,16
3312,6,2426,321,1,0,7,546,150,1,13,1
3315,13,3742,2294,2,0,3,450,1373,1,8,1
3316,12,2289,1598,8,0,3,585,1320,1,10,1
3321,11,4381,1783,2,0,3,402,966,3,7,1
3322,5,2630,230,2,0,7,450,1373,0,9,1
3328,30,3572,2708,8,5,6,318,1150,3,10,1
3329,6,2251,42,0,0,7,397,1185,0,12,4
3331,36,3508,2487,3,6,15,1341,1093,3,4,1
3332,7,4056,980,1,1,7,80,1075,2,6,22
3336,6,3292,845,2,0,7,67,1094,2,4,8
3342,6,2317,358,4,10,7,930,1367,1,14,21
3343,10,3174,131,3,0,0,590,923,1,13,1
3344,7,3852,101,1,2,7,1245,996,0,8,29
3346,9,4105,1620,3,1,7,890,1338,2,9,8
3348,5,2975,494,2,0,7,778,1316,2,10,1
3350,7,4156,1195,2,0,7,67,1094,3,5,8
3351,5,2328,626,0,2,7,48,1190,2,6,1
3353,98,2497,2793,15,7,52,1336,292,3,4,18
3354,13,2812,1243,3,0,6,32,1379,4,4,29
3358,8,3301,742,1,2,0,1313,1335,1,4,6
3359,6,2863,1523,1,0,7,1310,258,1,9,1
3360,5,3878,129,1,2,7,703,1266,2,9,30
3362,7,2530,127,1,6,1,80,1075,2,6,4
3363,7,3632,1474,1,0,7,1041,341,2,12,1
3366,5,4093,286,2,0,7,919,1277,1,7,1
3367,5,4179,300,2,6,7,1158,1104,2,11,8
3368,5,2853,278,2,4,7,1321,1178,2,5,0
3371,6,3610,269,1,0,7,851,579,3,5,1
3373,6,3524,2031,3,0,7,1065,1069,3,6,9
3374,10,2318,126,2,0,1,32,1379,1,2,0
3376,9,3057,300,1,0,2,490,1381,3,4,27
3377,5,2591,235,2,0,1,481,1166,1,5,16
3379,5,2783,685,1,0,7,1116,343,2,8,1
3384,8,2303,1597,2,5,1,862,404,4,5,9
3387,7,3821,813,1,0,7,852,1135,1,11,11
3388,6,3389,616,3,2,7,1074,1236,1,8,0
3389,9,3677,2202,1,0,3,1030,638,4,8,8
3393,7,3741,2255,4,6,7,358,1052,2,7,1
3395,7,3999,49,2,0,7,1022,1389,2,5,1
3396,9,4232,1224,2,0,1,1095,506,3,11,1
3397,7,3531,1368,4,0,7,610,904,3,4,4
3398,8,4068,1621,4,2,0,840,1374,2,11,21
3399,5,2285,899,1,0,7,65,888,3,5,8
3404,6,2496,489,2,0,1,289,1155,0,3,1
3407,6,3729,723,1,0,7,111,1148,1,12,17
3413,5,2297,1882,2,0,7,1192,344,4,6,9
3415,5,4162,587,1,0,7,1098,604,1,12,1
3416,6,2935,314,0,0,7,985,107,1,7,1
3417,5,3966,174,3,0,7,28,1246,1,9,16
3422,6,4003,19,0,2,7,559,798,1,5,0
3426,6,2929,1861,1,0,7,724,851,1,7,24
3429,9,4288,506,0,0,7,73,863,2,8,26
3434,22,3533,2385,4,0,1,657,616,2,4,15
3435,6,3606,393,1,0,7,37,837,4,17,9
3436,6,3460,78,1,0,7,731,239,2,6,15
3437,5,3228,317,2,1,7,909,1388,3,14,0
3442,9,4327,2476,10,0,1,211,906,1,6,28
3445,8,2905,804,2,4,7,572,700,0,3,36
3448,6,4104,515,2,0,1,1313,1335,1,11,1
3449,11,3515,908,5,2,5,1007,872,2,14,8
3456,5,4249,282,1,1,7,312,1269,2,11,1
3457,6,3193,143,1,0,7,423,1375,1,8,1
3458,22,3346,2504,8,0,5,1295,184,1,7,13
3459,8,3726,1551,5,5,7,782,1083,3,14,16
3462,7,3159,62,1,0,7,211,906,2,8,0
3464,5,2857,509,1,0,7,989,52,3,7,1
3465,6,3691,1342,2,0,7,481,1166,1,3,26
3466,5,2286,516,1,2,2,76,928,2,9,8
3468,5,2463,96,1,0,7,1196,1250,3,5,8
3474,7,2642,1667,2,0,1,297,1079,3,8,4
3475,7,2989,1155,1,0,7,363,511,2,2,9
3478,17,2570,2413,5,3,4,366,827,3,9,8
3479,14,4389,2621,3,2,4,487,1304,1,11,17
3480,5,3638,2188,2,1,7,1024,844,4,6,1
3482,6,3781,1409,2,1,7,883,605,2,11,4
3484,6,3820,822,1,0,7,32,1379,3,5,16
3486,56,4121,2740,8,0,17,1024,847,0,13,20
3487,5,2723,31,1,0,7,317,388,2,4,1
3494,7,2406,714,3,3,1,91,528,1,8,37
3496,6,2992,2684,2,0,1,68,214,0,10,1
3497,11,2706,263,7,0,2,1022,1389,0,9,1
3498,11,3622,1642,3,0,7,588,1383,1,2,1
3500,9,3497,2549,1,0,1,639,316,2,10,15
3506,7,3019,2220,3,1,7,368,468,0,8,34
3507,8,3313,691,2,0,1,274,755,4,7,9
3511,80,2789,2547,24,5,27,342,882,1,7,1
3518,19,3388,2598,8,0,6,588,1383,2,2,1
3528,5,3638,2188,2,1,7,1024,844,4,6,1
3530,5,2329,200,1,0,7,676,179,0,9,35
3533,7,2572,156,4,2,7,231,1214,3,9,9
3534,7,4067,245,0,3,2,167,1044,2,3,16
3535,7,4092,1233,1,2,7,890,1338,1,11,1
3537,6,3399,145,1,0,7,938,1164,0,6,1
3538,5,4075,34,2,0,7,451,714,1,4,1
3539,9,3920,382,3,0,7,434,1276,0,10,1
3540,8,4040,1170,1,3,7,1057,1134,2,7,1
3542,5,4249,282,1,1,7,312,1269,2,11,1
3543,29,2662,2655,1,1,4,556,249,2,8,1
3546,9,3336,1907,6,1,1,891,877,1,10,34
3547,11,3662,972,3,0,2,312,1269,2,7,30
3551,6,3528,358,2,3,7,898,4,3,8,1
3554,14,4456,2633,5,3,2,220,736,0,7,26
3556,5,4206,261,1,3,1,341,727,2,5,32
3557,7,4270,1612,1,1,7,1157,1141,1,7,8
3558,5,2428,247,2,2,7,338,1287,2,5,0
3560,10,4194,1880,3,0,1,621,722,3,7,8
3562,7,4050,618,2,0,7,632,1231,3,15,15
3564,6,4305,143,3,0,1,527,346,2,8,8
3566,9,2486,318,0,0,7,1032,424,1,2,1
3570,33,3001,2723,10,4,13,596,1007,4,4,8
3572,7,3167,1457,6,0,1,447,1290,4,9,1
3573,6,3574,635,4,0,7,1290,542,0,12,1
3574,16,2308,2166,2,0,8,1022,1389,2,10,1
3577,5,3408,1310,1,0,7,358,1052,3,10,15
3579,11,3002,1361,6,4,4,1065,1069,2,2,9
3581,6,4300,1963,1,0,7,121,1180,1,7,1
3587,5,2512,256,2,2,7,130,854,2,6,7
3591,5,2236,1195,1,3,7,890,1338,3,4,1
3594,5,2236,1195,1,3,7,890,1338,3,4,1
3596,5,3032,745,2,1,7,289,1155,2,7,37
3597,6,3103,709,3,0,7,1074,1236,1,8,1
3600,6,4183,2171,4,1,7,917,635,1,2,16
3602,8,4185,642,1,0,1,200,909,2,4,14
3603,7,2223,681,0,4,7,669,865,1,11,1
3608,13,2349,2687,3,7,5,338,1287,3,4,0
3609,9,2473,1266,4,0,1,358,1052,3,10,15
3610,7,4135,303,1,6,7,1194,394,1,12,4
3612,7,2230,404,1,0,7,1246,597,2,7,4
3613,9,4007,459,4,0,1,326,792,2,9,16
3614,6,2291,764,1,0,7,450,1373,2,7,4
3617,5,3319,21,1,2,7,191,866,1,12,34
3619,6,3958,1101,1,2,7,1193,582,1,9,1
3622,11,2442,2306,1,2,1,208,530,3,9,8
3623,21,2657,2035,6,0,3,522,891,2,7,9
3628,15,2450,1646,3,0,3,365,654,3,9,8
3633,6,3490,467,1,0,7,788,1216,3,5,0
3635,7,3839,760,2,1,2,367,1267,0,0,0
3637,5,3072,368,3,0,7,317,388,1,3,0
3638,7,4089,72,1,0,7,1279,1219,2,5,15
3641,6,2977,859,1,0,7,163,448,1,10,1
3642,5,2586,1516,2,0,7,317,388,2,3,1
3645,6,4057,942,1,3,7,1156,257,3,9,26
3646,9,2340,2141,5,1,1,1324,446,2,10,15
3647,21,3715,2176,2,5,1,0,1237,1,9,16
3648,8,4146,826,1,7,1,1208,1174,2,3,8
3650,6,3484,699,1,0,7,121,1180,0,4,1
3651,5,4143,53,3,4,7,575,812,2,16,13
3652,6,2638,312,0,2,7,710,122,0,4,1
3655,5,2515,45,1,0,7,806,1224,1,13,1
3656,9,2760,192,8,0,0,870,762,2,19,1
3657,6,4441,279,1,0,1,909,1388,4,10,1
3658,5,3780,530,2,0,7,812,399,1,4,8
3661,6,2632,1076,2,2,1,273,876,3,17,10
3662,7,2338,790,1,0,1,309,614,2,9,30
3663,6,3965,806,2,0,7,315,1356,1,7,1
3664,8,2303,1597,2,5,1,862,404,4,5,9
3666,6,3482,1307,2,1,1,695,1035,2,5,8
3667,5,4277,1688,2,0,7,1295,184,1,9,32
3670,6,2787,800,1,0,7,91,528,1,8,8
3673,6,2943,148,6,2,7,18,709,1,2,34
3674,5,2629,1724,3,0,7,487,1304,2,2,21
3680,96,3393,2807,5,0,45,1211,1299,4,5,1
3682,6,3903,11,1,0,2,190,751,0,13,1
3683,7,3664,391,2,2,7,569,918,2,7,8
3684,6,3910,720,2,0,7,701,577,2,14,26
3685,17,2793,2019,3,1,4,28,1246,4,4,8
3686,8,2518,1684,2,0,3,1342,752,2,10,15
3688,7,2749,651,3,0,7,1310,258,0,9,32
3689,6,3575,1469,3,0,1,292,858,4,3,30
3691,6,3567,193,3,3,1,940,1384,4,7,37
3693,13,2750,622,3,0,1,338,1287,2,6,1
3694,13,4395,2090,1,3,7,1241,733,2,3,1
3696,14,3809,2605,8,2,3,344,1050,2,15,1
3697,11,3144,598,4,1,1,402,966,3,10,1
3700,7,3791,1759,3,2,1,881,778,1,4,26
3703,11,3515,908,5,2,5,1007,872,2,14,8
3704,59,2564,2753,7,0,14,362,1117,0,5,27
3707,7,2322,1097,1,0,1,80,1075,4,12,8
3708,5,4444,658,1,0,7,317,388,2,9,4
3709,8,2525,617,2,1,7,776,859,3,9,0
3711,10,4151,841,2,0,3,1095,506,2,9,1
3712,42,4113,2679,5,5,15,32,1378,4,5,8
3715,7,3412,811,0,3,7,337,1065,1,14,1
3716,7,3925,1594,3,0,7,1258,588,3,2,8
3722,7,3717,1369,3,0,7,1074,1236,1,9,1
3724,10,3375,1091,1,2,7,139,1353,3,10,26
3725,6,4333,370,1,2,7,1158,1104,1,12,13
3726,5,3847,1346,3,2,1,1279,1219,2,2,15
3729,6,3295,1206,4,0,0,714,1085,1,6,22
3730,11,4291,2096,2,1,7,460,546,0,7,1
3734,6,3716,804,2,0,7,302,215,4,10,8
3736,5,4119,2078,1,0,7,723,1312,0,6,1
3740,12,3525,2481,4,2,0,891,877,3,5,17
3742,13,3117,2704,5,0,2,596,1007,3,9,8
3745,5,3720,1137,3,0,7,341,727,2,4,1
3748,5,2470,1574,3,1,7,89,190,4,5,8
3749,8,2413,918,5,1,2,76,928,2,6,1
3757,8,3165,2397,2,1,7,487,1304,2,6,15
3758,5,3052,1313,5,9,7,890,1338,3,7,0
3759,6,2744,1092,2,0,7,317,388,1,9,1
3760,16,2978,1919,4,0,0,1112,1223,1,5,1
3761,7,3136,1008,5,1,1,447,1290,3,3,8
3766,10,4239,2232,7,0,2,364,1344,4,9,16
3768,10,4235,1402,3,1,8,911,420,4,6,8
3771,11,2808,1458,1,0,1,410,1292,2,6,1
3772,10,2995,709,2,0,4,1185,1193,3,5,4
3773,7,2875,201,1,1,2,1035,1260,2,10,1
3779,7,3730,754,1,2,7,96,1399,3,8,0
3782,9,3191,352,1,7,0,6,949,3,8,8
3791,9,2455,1472,2,1,2,28,1246,1,10,6
3793,5,2427,246,2,1,7,1309,26,2,6,1
3795,5,3707,272,2,0,7,984,815,3,7,1
3797,89,3317,2795,4,0,36,772,691,0,6,1
3801,5,3829,207,1,2,7,76,928,1,10,8
3804,9,2488,2274,9,1,7,1321,1178,2,4,26
3805,11,4275,766,1,1,7,93,753,1,8,1
3810,5,4044,32,3,0,7,283,1349,0,10,18
3811,35,4233,2637,7,5,8,885,1238,3,12,8
3813,17,2820,2522,3,1,5,860,912,2,8,1
3814,6,3171,605,2,2,7,1035,1260,2,21,16
3816,9,3178,1517,3,1,7,234,92,2,10,24
3817,5,4209,121,1,0,7,1295,184,3,5,32
3819,5,2951,907,1,0,7,728,133,1,7,15
3822,5,2723,31,1,0,7,317,388,2,4,1
3823,5,4158,302,1,6,7,283,1349,2,6,9
3825,6,2885,343,2,0,7,621,722,4,11,8
3826,5,4347,1425,4,2,7,890,1338,2,12,17
3830,5,3101,1932,2,0,7,496,674,3,15,16
3831,10,3239,1827,1,0,7,77,832,1,6,15
3835,5,3250,188,1,0,7,1178,1371,2,3,1
3836,6,3087,285,1,0,7,1144,68,2,3,1
3838,5,3680,152,2,0,7,91,528,3,15,8
3839,7,3487,1254,3,0,1,977,196,1,9,1
3843,5,4152,1125,0,4,7,1158,1104,4,5,16
3844,8,2871,1934,1,3,1,28,1248,4,12,1
3845,5,3190,984,1,2,7,28,1248,4,8,4
3848,6,2847,227,3,6,1,1289,1092,2,14,8
3849,5,4079,476,2,0,7,21,718,2,2,4
3852,5,4364,359,3,0,7,1086,1111,0,6,1
3854,67,4090,2610,7,2,25,468,460,0,5,16
3855,6,4009,1336,0,1,2,549,199,2,7,1
3856,7,3138,1983,1,0,7,408,482,0,16,1
3859,8,4170,1101,1,6,7,1246,597,3,9,6
3860,6,3283,594,1,0,7,305,106,3,12,1
3863,28,3380,2659,1,7,12,244,1365,2,8,1
3864,32,2721,2757,8,1,4,1259,687,0,12,1
3872,5,3281,265,2,0,7,685,971,2,6,36
3873,7,3895,1222,3,0,7,1006,418,2,9,1
3874,10,3854,1741,3,1,2,1327,379,1,3,17
3875,7,3539,1429,5,5,7,723,1312,0,4,8
3877,9,2727,254,3,6,7,546,150,0,7,9
3882,5,3099,412,2,4,7,500,800,2,12,1
3886,6,3678,1757,4,0,1,588,1383,1,2,1
3888,5,4099,1142,1,0,7,182,871,3,16,1
3889,7,4266,397,1,0,7,516,770,3,5,1
3890,14,3849,2517,2,0,1,588,1383,2,2,1
3893,5,3183,1530,3,0,7,234,92,2,4,1
3894,6,4329,1604,1,0,1,280,313,2,5,1
3896,6,2467,169,1,2,7,995,515,1,7,26
3897,17,2793,2019,3,1,4,28,1246,4,4,8
3899,7,3447,792,1,0,0,943,1217,4,3,15
3900,6,2678,30,2,0,7,338,1287,2,8,4
3904,11,4302,1622,4,0,7,588,1383,0,2,1
3908,8,4379,112,3,0,7,1185,1193,1,3,0
3909,17,2834,2457,7,5,2,422,1112,3,11,8
3912,99,3242,2811,26,2,47,1023,760,1,11,1
3914,5,3597,842,1,0,7,413,111,1,13,1
3915,6,2496,489,2,0,1,289,1155,0,3,1
3918,9,2459,2564,3,0,4,894,81,4,7,0
3919,6,2477,616,1,1,7,75,1291,1,2,1
3920,5,2402,470,1,0,7,470,280,2,4,1
3923,7,4442,859,3,0,7,878,656,3,14,1
3924,5,2722,1239,3,0,7,572,700,0,5,1
3926,6,2381,1894,3,0,7,870,762,0,12,1
3927,5,3923,545,4,0,7,916,9,1,6,15
3930,5,3860,23,4,3,7,211,906,0,9,1
3933,7,3792,326,1,0,7,1331,2,0,17,1
3934,5,3356,85,1,12,7,80,1075,1,5,34
3937,17,2647,2393,3,1,5,253,633,2,6,1
3944,6,2724,379,2,1,7,65,888,1,7,0
3947,5,2428,247,2,2,7,338,1287,2,5,0
3952,7,3717,1369,3,0,7,1074,1236,1,9,1
3953,5,4304,182,1,1,7,6,948,0,6,1
3954,9,3949,997,1,2,7,512,377,3,8,8
3955,6,2992,2684,2,0,1,68,214,0,10,1
3956,11,3662,972,3,0,2,312,1269,2,7,30
3957,6,3848,1569,3,0,7,494,824,3,19,16
3958,7,3773,1795,4,0,3,1074,1236,2,5,8
3960,13,2963,2574,4,4,4,492,443,2,9,1
3962,6,3643,485,1,3,1,205,1211,0,8,16
3963,6,3506,365,3,2,7,1065,1069,2,3,9
3965,9,2340,2141,5,1,1,1324,446,2,10,15
3970,6,3708,464,1,1,1,726,407,2,10,1
3971,5,3526,12,1,0,0,890,1338,2,11,1
3973,5,3991,1438,7,3,7,338,1287,2,6,9
3975,5,2285,899,1,0,7,65,888,3,5,8
3976,7,4411,210,1,0,7,107,734,3,6,6
3977,5,2623,1281,3,0,7,680,164,0,4,34
3979,5,4101,50,1,0,7,402,966,1,19,1
3980,6,3693,1798,1,0,7,490,1380,3,11,24
3982,7,3164,167,4,4,1,338,1287,1,11,8
3983,6,4161,376,3,1,7,225,1156,1,4,8
3984,21,2657,2035,6,0,3,522,891,2,7,9
3988,9,2405,1175,1,1,7,410,1292,2,4,1
3991,5,4181,78,1,0,7,750,828,1,9,15
3992,5,3591,490,1,0,7,916,9,1,9,35
3995,6,4196,649,1,0,1,776,859,3,7,22
3997,8,2658,148,2,3,1,870,762,1,12,1
3999,19,3173,1918,3,4,5,585,1320,3,12,8
4003,5,2286,516,1,2,2,76,928,2,9,8
4004,5,3069,82,1,3,7,824,413,3,11,8
4005,7,4316,781,2,0,1,843,1372,2,8,1
4006,5,2751,719,5,0,7,1258,588,3,7,8
4010,9,2807,1074,1,2,1,905,914,1,9,1
4011,7,3925,1594,3,0,7,1258,588,3,2,8
4014,9,4314,398,1,0,1,1077,1235,2,19,30
4015,2,3875,885,1,0,7,640,1396,4,15,30
4016,21,4350,2351,11,5,14,587,917,0,5,1
4017,8,3192,1027,1,0,7,67,1094,2,7,1
4019,10,4191,1695,2,0,1,6,948,2,16,1
4021,5,3613,350,1,0,7,680,164,0,11,1
4022,70,4421,2800,5,5,28,487,1304,2,11,15
4025,7,3345,2322,0,2,7,80,1073,0,3,1
4028,38,2398,2766,14,1,8,67,1094,3,10,15
4030,17,2587,2631,5,3,11,562,1324,2,7,7
4031,8,3778,1006,4,0,1,163,448,4,4,0
4032,7,2567,2377,3,0,0,338,1287,3,4,1
4033,15,3774,2438,6,0,9,153,946,3,11,0
4035,5,3047,1045,2,4,7,1158,1104,2,6,6
4036,12,3405,2506,2,3,2,495,809,2,5,26
4037,6,2982,86,0,1,7,159,1342,1,11,1
4040,6,2634,565,3,0,7,1199,907,3,6,1
4043,9,3523,2227,2,1,1,343,303,1,5,32
4046,7,2802,1885,2,0,1,458,738,3,6,1
4048,11,3671,1534,1,0,2,790,516,2,9,4
4049,5,2731,399,2,0,7,475,142,2,6,22
4050,10,4452,736,3,0,3,788,1216,1,10,1
4051,7,4442,859,3,0,7,878,656,3,14,1
4052,5,2781,495,2,2,7,28,1248,4,16,1
4053,18,3669,2458,2,0,3,487,1306,2,9,1
4056,5,4087,803,2,0,7,1074,1236,1,5,34
4058,6,2747,179,5,0,7,6,948,2,7,34
4059,8,3165,2397,2,1,7,487,1304,2,6,15
4061,6,2357,1715,3,5,7,751,321,3,8,1
4062,10,3231,1338,4,5,1,467,1086,3,8,15
4063,6,2226,160,1,1,7,580,1244,2,9,1
4064,14,3626,1748,4,8,2,403,945,2,9,36
4070,5,3137,96,3,0,7,1074,1236,1,14,8
4073,7,3976,1997,2,12,7,944,558,3,12,1
4074,8,3571,420,1,0,3,1330,630,0,12,1
4075,9,3430,1415,2,1,7,303,435,2,9,26
4077,7,4180,452,3,0,1,930,1367,1,4,2
4078,5,4434,158,2,1,1,588,1383,2,1,11
4079,5,3433,2436,4,0,1,80,1075,1,15,17
4080,5,4139,1837,2,1,7,369,707,4,8,15
4083,6,2414,82,1,0,7,469,789,1,7,0
4086,90,4000,2762,10,0,24,863,1394,1,4,30
4087,5,3106,46,2,2,7,970,366,3,18,32
4088,8,4322,227,1,3,1,568,967,2,8,1
4092,5,4102,385,1,0,7,1081,308,3,7,1
4094,19,3450,2660,5,0,3,997,668,2,14,14
4095,6,4455,444,1,2,1,705,1030,1,6,1
4097,6,4450,619,1,3,7,620,113,3,6,27
4098,5,2960,137,3,1,7,572,700,0,7,7
4099,7,2421,858,2,0,7,1057,1140,2,5,18
4100,9,3010,1398,3,2,2,1131,1215,2,8,8
4112,18,3098,2540,6,7,2,28,1246,3,8,1
4115,6,4319,371,5,0,7,261,145,2,5,34
4117,9,2842,1702,3,4,1,856,147,1,13,11
4118,6,3696,105,1,0,1,279,1229,2,14,8
4119,6,4047,982,1,0,7,1310,258,0,12,32
4124,5,3543,1427,2,0,7,355,1245,4,7,15
4125,9,4281,824,4,0,1,484,63,3,9,1
4127,7,2786,315,1,0,1,26,417,3,6,16
4129,9,2315,681,4,1,1,722,788,3,8,9
4132,7,2350,1234,2,1,7,553,1046,2,19,26
4136,5,2941,312,3,0,4,450,1373,2,3,0
4137,5,2828,1112,2,0,7,1131,1215,2,13,1
4138,22,3879,2681,6,2,11,466,166,2,7,14
4139,5,3072,368,3,0,7,317,388,1,3,0
4143,5,2263,136,2,0,7,1152,944,1,15,0
4144,5,3695,149,1,0,7,355,1245,3,7,15
4145,8,3210,1377,2,0,1,1328,55,3,6,1
4146,8,3731,137,0,0,1,716,403,2,7,1
4147,5,3603,392,3,0,7,597,1222,1,6,1
4150,6,3389,616,3,2,7,1074,1236,1,8,0
4151,6,4023,1298,2,7,7,1040,203,4,15,1
4152,6,2847,227,3,6,1,1289,1092,2,14,8
4153,9,2299,396,0,3,7,1212,673,2,10,28
4158,5,4093,286,2,0,7,919,1277,1,7,1
4159,5,2722,1239,3,0,7,572,700,0,5,1
4161,7,3906,1683,1,0,7,1185,1193,2,5,8
4163,6,3517,668,1,0,1,678,785,3,7,1
4165,9,4008,2289,1,4,1,60,282,1,7,8
4167,6,3334,564,1,0,7,788,1216,1,4,1
4168,5,3855,200,1,2,7,338,1287,2,7,8
4170,19,2415,2443,2,1,2,120,337,1,8,1
4178,7,3221,1316,3,4,7,533,1183,3,11,15
4179,6,2539,98,1,2,1,1339,7,2,1,15
4183,27,3007,1568,5,7,12,115,1282,3,10,9
4185,11,2258,814,4,3,7,650,172,2,9,1
4186,7,2624,1350,1,2,7,680,164,1,9,34
4188,11,3954,824,2,0,2,338,1287,1,9,21
4190,9,3514,2061,0,2,7,1111,803,3,11,3
4192,7,3302,966,2,0,7,487,1304,1,9,35
4193,8,3609,1099,3,0,7,235,126,2,3,1
4195,7,2919,172,0,0,1,698,675,2,11,1
4198,5,3284,198,3,1,7,551,672,3,8,13
4200,16,3083,1864,5,7,1,312,1269,3,10,30
4204,9,3881,1152,2,0,7,1265,12,1,4,1
4205,6,2949,406,1,1,7,1199,907,2,6,15
4207,5,3939,2359,5,1,1,177,853,3,5,8
4209,9,4423,230,1,3,1,1195,1340,2,14,1
4210,11,3398,1776,3,0,4,424,1363,1,16,23
4212,6,4078,210,2,0,7,87,589,0,3,1
4213,70,4421,2800,5,5,28,487,1304,2,11,15
4215,13,2660,2248,3,0,7,588,1383,2,2,1
4218,9,3522,1629,5,0,5,1065,1069,2,3,9
4222,8,3587,2537,1,1,0,329,1119,1,6,1
4223,7,3134,566,1,0,0,1080,660,4,5,0
4224,6,3635,586,1,4,7,767,436,4,8,1
4225,8,2687,2084,2,0,2,470,280,3,6,1
4226,6,4237,122,1,2,7,1264,799,1,4,1
4227,5,3141,812,1,0,7,731,239,2,8,19
4228,6,2478,1035,3,0,7,760,138,1,4,22
4231,10,2962,2127,10,2,2,355,1245,3,4,15
4236,14,4408,734,4,3,4,139,1353,2,15,1
4237,6,3114,687,1,0,7,122,1171,2,6,1
4238,8,3623,680,1,2,0,168,1348,2,11,13
4239,5,3064,1005,3,0,1,588,1383,3,2,15
4241,5,3907,226,1,0,7,119,1197,3,6,8
4243,6,2845,1962,1,0,1,1323,95,4,12,15
4244,8,4195,1511,1,3,7,677,958,2,5,8
4246,13,3957,577,1,0,4,490,1381,3,7,27
4248,6,3618,1930,2,0,2,1295,184,2,6,32
4249,5,3026,196,2,0,1,338,1287,0,1,1
4251,13,2349,2687,3,7,5,338,1287,3,4,0
4253,7,3902,1007,1,0,7,481,1173,2,8,8
4256,5,4143,53,3,4,7,575,812,2,16,13
4257,6,4387,677,2,0,7,96,1398,2,12,1
4258,5,3112,66,0,2,7,852,1135,1,5,1
4260,5,3156,900,1,1,7,1176,122,3,13,8
4262,6,4361,230,3,3,1,356,1118,1,11,1
4265,5,3337,696,1,0,7,576,383,3,19,0
4274,7,2581,952,1,5,7,312,1272,1,8,16
4276,9,4363,1242,2,0,7,494,824,2,10,1
4277,7,4371,376,1,0,7,1103,1323,2,7,8
4278,13,2963,2574,4,4,4,492,443,2,9,1
4281,7,2281,851,1,0,1,1085,956,3,3,1
4283,7,3771,1363,1,0,1,872,1253,3,10,34
4284,9,3043,2142,1,0,7,17,650,1,4,35
4285,6,4301,831,3,1,1,1031,314,1,6,6
4287,8,3125,2472,2,0,1,18,711,1,4,1
4288,7,3771,1363,1,0,1,872,1253,3,10,34
4290,5,2423,54,2,1,7,1310,258,0,10,32
4292,5,3867,157,0,4,7,410,1292,3,14,36
4293,104,3947,2812,11,12,51,289,1155,0,4,1
4295,6,3808,1773,1,0,7,413,111,0,8,1
4296,9,2791,178,4,0,3,919,1277,1,6,1
4297,9,3023,939,2,0,2,1154,710,2,5,1
4299,6,2533,932,4,2,7,91,528,2,4,1
4300,7,3679,138,3,0,0,438,272,2,10,4
4305,6,3455,127,3,0,7,1074,1236,2,14,8
4307,5,2429,802,5,2,7,886,662,3,22,11
4311,8,4100,1622,2,4,2,402,966,3,5,1
4312,5,2301,1169,0,0,0,1056,217,3,6,1
4313,7,3206,178,1,0,1,755,1018,3,9,1
4315,7,4400,471,2,0,7,139,1353,2,7,25
4319,5,2899,19,1,0,7,870,762,1,17,36
4320,7,4201,98,1,2,7,1147,367,1,7,30
4321,5,3559,156,1,0,7,490,1380,1,7,27
4322,5,3297,849,1,0,7,814,1354,1,10,30
4324,6,2957,1001,1,0,0,686,1102,4,12,8
4325,7,3062,601,2,0,7,78,665,1,11,1
4326,5,2508,2187,2,0,7,60,282,0,13,1
4327,5,4048,1765,2,0,0,65,888,2,11,8
4333,5,2544,362,3,0,7,1112,1223,3,2,4
4339,10,2800,2361,1,0,7,532,1128,4,8,1
4342,15,2388,2230,5,0,7,1086,1111,1,9,1
4344,8,2648,2080,2,0,1,221,1351,3,4,15
4345,5,4274,306,2,1,1,7,1331,3,12,1
4347,5,3502,599,1,0,7,630,762,4,4,15
4348,7,3182,47,1,1,0,781,1122,1,6,9
4349,8,3511,1865,1,0,1,142,603,2,7,26
4351,65,3924,2709,7,0,27,866,284,2,5,1
4354,5,4175,635,0,2,7,1069,693,3,10,36
4355,16,3169,1411,4,0,1,99,745,0,8,1
4358,11,3166,1752,3,0,2,58,489,3,5,9
4367,7,3579,360,1,0,1,667,758,2,9,1
4370,6,2969,306,1,0,7,82,941,1,6,4
4371,7,3401,643,2,2,7,472,817,4,8,36
4372,10,3621,2301,3,0,3,1299,376,2,10,8
4373,7,4307,1643,1,0,2,569,918,4,9,8
4374,6,2489,210,2,0,7,1289,1092,3,6,8
4376,5,3532,626,2,1,7,91,528,1,8,1
4377,5,2900,57,1,1,7,338,1287,1,13,16
4379,12,3425,2150,4,2,4,791,1041,4,10,16
4380,9,2965,2480,6,1,2,478,683,2,6,36
4385,5,4454,542,1,0,7,429,543,0,8,1
4393,11,4103,1364,3,1,7,75,1288,3,5,4
4395,8,3415,1232,1,1,7,954,473,3,9,1
4398,8,2327,2366,2,0,3,264,939,3,2,1
4400,13,4292,1522,10,1,1,1003,1133,1,11,9
4403,11,3306,1188,4,1,7,858,804,1,9,15
4404,31,2435,2221,3,4,1,570,833,2,12,36
4407,5,3702,56,2,0,7,919,1277,0,8,1
4408,5,2371,145,2,0,1,791,1041,4,8,2
4410,25,2981,811,8,5,5,90,1165,1,10,1
4411,7,2823,124,3,1,7,553,1046,1,7,26
4412,8,2968,2454,2,3,7,367,1267,1,11,6
4413,7,3619,788,5,0,2,1290,542,0,4,32
4414,6,2839,178,1,0,7,1128,1364,2,11,30
4415,13,2660,2248,3,0,7,588,1383,2,2,1
4416,5,2853,278,2,4,7,1321,1178,2,5,0
4418,7,2255,834,1,0,1,1083,843,1,7,1
4420,6,2679,1476,4,1,1,1289,1092,4,9,1
4421,5,2363,625,5,3,7,445,1347,4,3,1
4422,5,3015,153,1,0,7,338,1287,2,3,1
4424,4,4234,141,3,0,7,331,389,3,8,4
4425,33,2319,2720,8,3,5,1000,1074,3,8,11
4426,20,3661,2567,7,1,2,1009,694,3,13,15
4427,6,3129,726,2,4,7,1157,1141,2,11,8
4430,6,3387,1154,2,0,7,921,895,0,10,1
4431,5,3033,2,1,0,7,572,700,1,3,1
4432,7,3942,1430,3,0,7,211,906,1,5,1
4433,7,4118,246,1,3,7,102,350,2,4,1
4439,4,2569,615,6,7,7,593,965,2,10,9
4442,88,2726,2748,8,4,45,1022,1389,3,8,6
4444,10,2554,2031,4,0,7,338,1287,0,3,1
4446,6,3453,489,1,0,7,1087,52,2,8,1
4451,5,2669,1101,1,0,7,28,1248,2,10,1
4453,5,2655,328,1,0,7,699,445,1,7,1
4454,6,2472,2321,2,3,7,373,477,2,10,16
4455,12,4245,950,2,6,1,842,911,2,7,8
4456,6,2490,95,1,3,7,397,1185,2,4,8
4457,6,3986,45,0,3,7,677,958,2,8,1
4459,8,3936,725,3,0,7,141,578,2,5,8
4460,8,3565,209,1,3,4,74,1076,2,13,8
4462,6,2925,636,2,0,7,418,601,1,7,1
4464,6,2773,236,0,0,7,759,291,3,10,1
4465,5,3720,1137,3,0,7,341,727,2,4,1
4467,11,3660,1933,1,0,4,341,727,2,11,1
4472,5,3929,1183,2,1,1,530,580,1,3,1
4474,7,2395,656,3,0,7,980,472,3,9,0
4477,13,3950,1792,4,2,4,588,1383,2,1,1
4484,5,2326,584,1,2,7,164,637,4,10,0
4486,11,3202,1484,4,1,2,816,189,2,12,6
4487,7,2549,1971,6,0,1,80,1073,1,5,8
4488,12,2752,2356,8,0,6,358,1052,2,9,8
4489,5,4230,28,1,0,7,1178,1371,0,3,1
4490,5,3617,1669,1,0,7,1029,20,0,11,1
4494,7,2362,1982,2,0,1,591,676,2,7,6
4495,14,3809,2605,8,2,3,344,1050,2,15,1
4496,32,2721,2757,8,1,4,1259,687,0,12,1
4497,9,3253,1319,2,3,2,507,1279,1,7,15
4498,5,3140,833,1,0,2,957,317,0,2,1
4500,12,3395,2503,2,0,0,610,904,1,6,1
4501,11,4042,974,1,0,2,410,1292,2,5,1
4503,55,2692,2764,12,4,15,932,170,3,12,16
4505,6,3213,305,1,0,7,1295,184,1,10,32
4508,6,3558,938,1,0,1,542,1319,1,5,15
4509,11,2884,2693,2,1,1,133,1013,3,6,8
4511,8,3891,549,2,1,5,182,871,2,15,1
4512,7,3838,1692,1,0,1,920,552,4,4,15
4513,5,3078,369,2,0,7,651,600,1,10,16
4518,6,3431,432,0,0,1,67,1094,2,5,8
4520,6,3342,202,1,6,7,38,372,0,7,17
4521,5,2210,525,2,0,1,507,1279,1,8,1
4524,8,3091,267,5,2,1,478,684,2,6,26
4525,6,4340,74,0,0,7,1094,929,3,8,1
4526,6,4225,1115,2,1,7,18,709,2,3,4
4528,7,4335,441,2,2,7,312,1269,3,9,16
4529,5,4032,264,1,0,7,1158,1104,0,4,6
4531,41,3882,1973,19,9,14,1251,522,4,11,25
4533,25,3963,2477,3,0,8,1022,1390,4,4,30
4535,6,4107,1435,1,0,7,478,683,3,10,18
4536,9,2628,410,6,0,1,65,888,3,9,8
4540,6,3618,1930,2,0,2,1295,184,2,6,32
4542,5,3676,407,1,0,7,524,977,0,6,22
4544,18,3969,2364,5,0,3,1280,503,3,7,9
4546,14,2621,2664,2,3,7,1169,1404,1,4,16
4550,6,3348,1189,1,0,7,1321,1178,1,8,0
4551,6,2215,61,2,1,7,1074,1236,2,3,8
4554,5,2811,820,1,3,7,347,180,3,14,1
4558,6,3868,2394,3,0,0,410,1292,1,8,1
4561,6,4360,1480,1,2,7,229,781,3,4,30
4562,7,4298,1497,2,0,7,153,946,3,7,16
4563,8,4182,430,3,5,1,919,1277,1,8,0
4565,5,3934,207,1,0,7,735,430,2,14,36
4569,16,2809,2705,7,0,4,80,1073,0,1,6
4572,9,3522,1629,5,0,5,1065,1069,2,3,9
4574,7,4407,1025,2,0,1,814,1354,1,9,11
4575,19,2550,2149,2,4,6,533,1182,4,6,15
4576,17,4373,2722,8,2,7,319,1159,0,11,1
4577,5,3491,271,1,0,7,890,1338,1,5,4
4578,7,4320,85,4,0,1,588,1383,1,3,1
4580,7,3782,870,2,0,7,1295,184,2,4,32
4583,9,3288,1680,1,0,1,1001,33,3,10,8
4584,5,2365,164,4,0,7,1266,897,3,11,0
4585,6,2298,1597,0,1,7,1232,538,2,2,15
4586,6,2744,1092,2,0,7,317,388,1,9,1
4589,6,3118,576,1,0,7,358,1052,1,5,15
4590,6,3616,1735,1,2,7,88,277,2,7,15
4591,6,2306,2327,3,0,1,338,1287,1,6,1
4593,7,3444,171,1,2,7,387,387,1,9,1
4596,6,3892,659,1,0,7,847,961,2,6,1
4597,7,2212,548,1,0,7,6,949,0,3,1
4598,7,3104,130,1,0,7,1074,1236,0,9,1
4599,12,2805,2211,3,1,2,1002,264,3,8,1
4602,4,4348,1392,2,3,7,315,1356,3,6,0
4603,5,3089,467,4,0,7,461,1198,2,5,1
4605,5,3509,488,1,0,7,440,848,3,4,16
4606,7,3285,2352,4,2,7,872,1253,2,4,1
4607,12,3245,309,8,1,7,6,948,1,8,1
4608,5,4308,948,2,0,7,1340,620,3,9,8
4609,6,2912,688,1,0,7,661,166,2,3,4
4610,6,2556,1087,2,0,2,161,1208,3,9,34
4611,5,4443,1247,1,0,7,329,1119,2,7,6
4613,7,3300,1145,1,4,0,447,1290,2,4,0
4614,6,2533,932,4,2,7,91,528,2,4,1
4616,6,4263,955,2,2,2,450,1373,0,8,1
4617,10,2700,256,3,0,1,711,807,4,11,16
4618,4,4310,1227,1,0,7,1167,260,4,4,15
4621,12,2502,2344,4,0,2,918,901,2,7,26
4622,9,3723,2312,4,1,1,1314,73,4,9,8
4623,6,4334,2363,1,2,7,28,1246,4,7,4
4624,7,3448,781,1,0,1,1085,956,2,8,9
4625,18,3969,2364,5,0,3,1280,503,3,7,9
4626,12,4469,2111,2,1,2,269,702,1,5,11
4628,6,3504,471,1,0,7,200,909,3,3,14
4629,4,2772,547,1,3,7,39,974,2,9,21
4635,8,3916,1370,1,0,2,790,516,1,9,1
4638,8,2896,375,1,4,7,450,1373,2,9,16
4639,17,4373,2722,8,2,7,319,1159,0,11,1
4640,13,2746,2295,4,1,1,58,489,1,10,9
4642,13,3759,1572,1,0,2,283,1346,2,12,27
4643,8,4322,227,1,3,1,568,967,2,8,1
4646,8,2762,2234,1,4,1,126,1326,2,8,26
4647,6,2967,729,2,0,7,915,14,1,15,1
4649,6,3338,1391,4,0,1,29,1252,1,13,1
4651,7,4345,895,1,1,7,947,547,1,21,1
4652,5,2551,92,2,1,7,338,1287,1,5,21
4656,8,2991,498,2,0,7,590,923,4,8,7
4657,7,2418,139,1,5,7,1196,1250,4,5,8
4659,6,2931,347,5,0,7,1022,1389,2,13,6
4661,6,3861,1412,2,2,2,1167,260,3,10,15
4662,40,3850,2731,6,0,9,1327,379,1,6,1
4663,11,4458,1489,2,0,2,591,676,2,4,6
4667,5,4355,40,2,0,7,1175,1294,1,13,34
4668,15,2688,1726,3,1,6,1328,55,3,3,9
4669,9,4131,1255,1,0,2,134,1055,2,15,3
4670,5,3769,349,1,0,1,381,1259,3,16,10
4671,5,4459,738,1,0,7,1295,184,3,11,4
4672,6,2705,479,3,1,7,685,971,2,9,14
4673,10,2260,692,2,2,2,661,166,4,9,16
4674,5,3462,994,2,6,7,67,1094,2,7,1
4676,14,2987,2198,23,13,6,25,1301,2,12,26
4677,6,4207,1328,1,0,7,1078,23,3,3,4
4680,5,2961,424,1,0,7,1293,229,0,10,1
4682,6,3564,220,0,0,7,137,964,3,8,37
4683,7,3440,467,2,0,7,1074,1236,2,6,0
4684,67,4090,2610,7,2,25,468,460,0,5,16
4685,5,3769,349,1,0,1,381,1259,3,16,10
4686,8,2635,1878,1,0,7,523,943,1,3,15
4690,6,3382,124,1,1,7,826,173,2,14,36
4692,15,4240,2613,2,0,5,67,1092,1,4,8
4693,8,2256,1439,1,2,1,346,395,4,9,30
4694,7,2529,1881,2,0,7,839,1382,2,11,1
4695,94,3088,2782,0,0,0,767,436,0,11,1
4696,4,4351,188,1,0,7,890,1338,2,11,17
4699,7,2492,396,0,0,7,397,1185,1,8,1
4701,5,3721,480,1,0,7,297,1079,2,6,1
4704,9,2566,977,7,3,3,490,1380,2,7,1
4707,6,3035,158,5,0,1,590,923,1,5,34
4708,6,3171,605,2,2,7,1035,1260,2,21,16
4709,5,2643,87,4,0,1,86,1021,0,2,1
4710,7,2358,774,1,0,7,688,1068,2,6,1
4711,7,3768,1634,1,10,1,788,1216,1,8,1
4713,8,3291,364,2,1,7,63,1230,3,6,16
4714,17,4406,2231,4,5,8,791,1041,4,12,27
4715,5,2528,493,1,2,7,1070,275,2,4,30
4719,7,3059,122,0,1,7,1064,1120,1,5,1
4725,6,4267,190,1,0,7,1245,996,3,7,8
4726,5,4169,175,3,0,7,1022,1389,0,8,1
4727,10,3411,2496,4,5,7,66,1293,2,8,1
4728,13,3073,2657,4,0,3,61,154,1,9,1
4729,8,3842,258,2,0,1,917,635,0,2,6
4730,6,2375,1141,1,0,7,645,991,1,9,1
4731,6,3406,1234,2,1,7,1295,184,1,6,32
4733,7,3997,373,2,0,2,555,599,1,5,37
4737,9,3886,75,3,3,7,533,1183,2,7,15
4739,6,2874,201,1,0,7,572,700,0,7,1
4744,18,3915,1205,5,0,1,483,1063,2,6,0
4745,9,2791,178,4,0,3,919,1277,1,6,1
4748,5,3540,205,1,0,7,787,41,1,15,1
4749,7,3839,760,2,1,2,367,1267,0,0,0
4751,5,3110,29,1,0,7,788,1216,2,9,0
4754,7,2614,571,1,2,7,588,1383,1,5,1
4755,12,2945,2331,2,0,1,1214,271,4,12,15
4756,7,3286,1175,3,2,7,1295,184,2,5,32
4759,5,3509,488,1,0,7,440,848,3,4,16
4760,19,4084,2052,2,0,3,1243,896,3,10,1
4761,5,2954,65,1,0,7,972,500,1,5,1
4762,6,2747,179,5,0,7,6,948,2,7,34
4763,7,2802,1885,2,0,1,458,738,3,6,1
4766,5,2203,199,2,0,7,694,983,1,10,0
4768,7,3863,976,4,0,7,702,1037,4,11,16
4770,5,4136,603,1,0,7,1158,1104,1,4,6
4771,12,2562,919,3,0,1,434,1276,0,11,1
4772,6,4009,1336,0,1,2,549,199,2,7,1
4775,14,4386,2032,3,0,6,513,1274,2,11,0
4778,7,2906,1451,1,0,7,586,195,2,4,27
4781,36,3948,2420,3,0,6,490,1380,2,5,1
4788,11,3667,677,1,0,1,943,1217,3,9,15
4791,6,3644,355,1,0,7,788,1216,0,6,1
4792,6,2302,1630,2,0,7,1054,1114,1,9,1
4793,9,4080,828,3,2,1,308,434,3,1,1
4794,6,3025,889,1,0,7,1283,195,1,8,1
4796,5,4140,1614,2,1,7,1306,537,3,6,8
4800,6,3793,240,3,0,7,338,1287,2,14,4
4801,5,3979,672,1,0,7,1284,1011,0,8,1
4804,6,4078,210,2,0,7,87,589,0,3,1
4805,5,2640,229,1,0,1,76,928,2,6,8
4806,6,4353,143,2,0,7,788,1216,3,8,8
4807,14,3463,2596,5,2,3,1158,1104,1,10,1
4809,5,3797,124,1,0,7,377,764,2,2,8
4811,6,2604,101,0,2,7,558,932,1,4,1
4813,22,3545,2546,2,3,1,490,1380,3,9,34
4817,7,3880,553,1,0,7,588,1383,2,3,1
4819,5,2848,60,2,1,7,76,928,0,12,1
4820,7,3997,373,2,0,2,555,599,1,5,37
4821,6,2863,1523,1,0,7,1310,258,1,9,1
4825,18,4070,2291,3,0,6,799,453,3,14,15
4827,9,2832,194,6,0,2,507,1279,1,4,1
4828,7,2753,1601,3,2,7,1321,1178,2,8,0
4832,5,3951,1254,2,4,7,588,1383,3,5,21
4833,6,2943,148,6,2,7,18,709,1,2,34
4834,9,3790,1310,2,4,1,1266,897,3,8,8
4835,8,3499,884,0,3,3,771,532,2,10,1
4837,5,3874,386,1,0,7,1207,690,3,7,26
4838,9,2541,1373,2,1,1,1189,401,3,5,1
4840,5,4444,658,1,0,7,317,388,2,9,4
4841,11,2901,1769,6,2,7,1326,626,4,19,8
4842,12,3601,2182,1,0,14,1074,1236,2,8,8
4843,7,4374,1202,7,0,7,490,1380,4,10,34
4844,5,3755,619,2,0,7,312,1269,4,12,30
4848,5,3259,571,2,2,7,338,1287,1,6,21
4850,6,4088,1676,3,0,7,307,125,3,5,1
4852,6,2220,197,0,1,7,1136,1330,1,6,1
4855,8,3571,420,1,0,3,1330,630,0,12,1
4856,6,3737,245,2,0,7,1295,184,2,6,32
4858,6,4128,700,1,0,7,65,888,2,6,1
4859,8,2590,1498,3,0,2,31,228,2,3,15
4861,6,3086,953,1,0,1,94,456,4,9,9
4862,6,4293,424,1,0,7,18,709,1,6,8
4863,5,3899,311,3,1,1,588,1383,2,2,15
4865,7,3566,2414,2,0,3,67,1094,4,7,8
4866,8,4264,686,2,0,1,211,906,1,7,1
4870,8,4014,653,1,1,2,119,1197,2,6,36
4871,7,3493,1966,3,0,2,81,705,3,11,8
4875,6,3893,737,1,0,7,925,206,2,9,1
4878,5,4434,158,2,1,1,588,1383,2,1,11
4880,7,2583,332,2,0,7,212,375,3,17,1
4881,6,4436,562,1,0,7,533,1183,2,4,1
4883,5,3358,139,2,2,1,1188,645,3,13,3
4885,9,2476,1707,5,1,7,617,995,4,17,26
4887,5,3016,191,6,0,7,28,1246,1,2,1
4888,9,3823,654,0,2,1,854,1004,3,11,0
4892,11,4103,1364,3,1,7,75,1288,3,5,4
4893,5,2758,1044,5,0,7,481,1166,3,6,26
4896,17,2500,2330,9,3,2,375,821,1,3,8
4897,13,3102,2423,6,0,4,450,1373,0,8,28
4898,6,3093,1005,1,0,7,409,782,3,6,16
4900,31,3740,2726,4,0,8,1313,1335,1,10,1
4901,6,4271,1367,1,0,7,168,1348,3,18,15
4902,11,4061,2186,5,0,3,373,477,3,7,15
4906,10,2333,1779,1,0,1,1123,1048,3,1,15
4907,11,4024,928,1,0,1,258,1101,0,6,1
4912,10,2404,954,1,0,7,791,1041,3,6,30
4914,9,2296,679,1,1,1,490,1381,3,9,27
4915,7,2536,873,4,2,1,338,1287,1,2,1
